sample_id,group_id,text_excerpt_NOT_FOR_LLM,text_len,ref_phq9_score,gold_phq9_binary,ref_gad7_score,ref_gad7_binary,model_confidence,llm_judgement,llm_reason,human_review,notes,text,model_prob,model_pred,in_review_zone
J0001,516,我跟谁都挺要好的，我的好伙伴有挺多的。但是我有一个最好的友人是在我小学三年级认识的，她是我的好闺蜜，她就是对我非常的好。然后呢，就是会经常的帮助，我帮跟我一起去出去玩啊，或者说我排忧解难。然后还有一个是呃网上认识的一个好伙伴，他人也非常的好，就是我们两个年龄差不多，因此就是他帮了我也帮助了很多他会倾听我的一些就听听我的一些想说的事情吧。 呃，多吃点，多吃多玩呃，适当放松听音乐，多运动呃，运动就算了呃，听音乐啊，或者看小说，我最喜欢看的书。 什么怎么样的状态。在最近两周里发生的频率大概是怎样，就跟平常一样啊，就跟平常一样啊。 就是要段考了，但是我政治提纲没有背，然后还有呃我体育八百跑的太慢了，所,528,12,1,4,0,0.4808,1,模型风险概率0.7596远高于判定阈值0.3，虽不确定度中等且GAD-7仅4分，但综合模型输出仍支持达到中度及以上抑郁。,,,我跟谁都挺要好的，我的好伙伴有挺多的。但是我有一个最好的友人是在我小学三年级认识的，她是我的好闺蜜，她就是对我非常的好。然后呢，就是会经常的帮助，我帮跟我一起去出去玩啊，或者说我排忧解难。然后还有一个是呃网上认识的一个好伙伴，他人也非常的好，就是我们两个年龄差不多，因此就是他帮了我也帮助了很多他会倾听我的一些就听听我的一些想说的事情吧。 呃，多吃点，多吃多玩呃，适当放松听音乐，多运动呃，运动就算了呃，听音乐啊，或者看小说，我最喜欢看的书。 什么怎么样的状态。在最近两周里发生的频率大概是怎样，就跟平常一样啊，就跟平常一样啊。 就是要段考了，但是我政治提纲没有背，然后还有呃我体育八百跑的太慢了，所以我要加练，然而我加练其实还好，然而我们班只有我一个女生在加练，但是我们班只有我一个女生在加练，所以我就觉得非常的孤独。 呃，我比较喜欢玩手机，看小说，就是我还买了很多小说，现在都还没看完，所以我一般有空余时间我就会看小说，或者说跟同学朋友出去玩。 挺开心的，呃，没有说始终保持吧，就是留在学校很无聊的时候，就会想着家里的爸爸妈妈、姐姐、弟弟，还有我爷爷，就是还有我的那些同学朋友，就是我感觉我有好多事情没有做，所以就是呃比较的乐观吧。 哦嗯嗯，体育要加练,0.7596,1,True
J0002,514,学习不好很难受 没什么影响 平常是这样。 之前成绩还行，目前成绩很差，主要是成绩的事情受到影响。 一般和平相处，用嘴沟通。 成绩不好，什么都盖不好。 学习不好，成绩很差。,85,15,1,16,1,0.5041,1,模型风险概率0.7479远高于判定阈值0.3，虽不确定度中等且仅有焦虑量表信息，但按系统判定标准已达到中度及以上抑郁风险。,,,学习不好很难受 没什么影响 平常是这样。 之前成绩还行，目前成绩很差，主要是成绩的事情受到影响。 一般和平相处，用嘴沟通。 成绩不好，什么都盖不好。 学习不好，成绩很差。,0.7479,1,True
J0003,7,秘诀就是能和我的好友人能每周回家吧。然后我是一个非常想回家的人，这就是我的秘诀。 开心吧，毕竟能和我的好朋友聊天。 没事儿没事儿打游戏，打游戏，打游戏。 我太想死了，就是接受不了这个学习的方式，然后感觉压力很大啊，然后就没有了。 没有任何有趣或者是有意义的周末，有趣味的周末都和我的宝贝朋友们一起度过的。然后我就一起打打游戏聊天就没有什么了。 没有太大影响吧，除了上课有点走神以外，然后就没有太多的影响了。好了，就这些了。 我十分的想回家，我在学校一刻也待不上，坐立难安，睡不着，是因为我太想回家了，压力太大了。 没有没有没有没有没有。,268,17,1,19,1,0.4362,1,模型风险概率0.7819远高于判定阈值0.3，虽不确定度中等且仅有焦虑量表信息，但按系统判定标准已达到中度及以上抑郁风险。,,,秘诀就是能和我的好友人能每周回家吧。然后我是一个非常想回家的人，这就是我的秘诀。 开心吧，毕竟能和我的好朋友聊天。 没事儿没事儿打游戏，打游戏，打游戏。 我太想死了，就是接受不了这个学习的方式，然后感觉压力很大啊，然后就没有了。 没有任何有趣或者是有意义的周末，有趣味的周末都和我的宝贝朋友们一起度过的。然后我就一起打打游戏聊天就没有什么了。 没有太大影响吧，除了上课有点走神以外，然后就没有太多的影响了。好了，就这些了。 我十分的想回家，我在学校一刻也待不上，坐立难安，睡不着，是因为我太想回家了，压力太大了。 没有没有没有没有没有。,0.7819,1,True
J0004,1225,速率会变快，正确率可能相较于无聊的时候是也会更高一些。但当我觉得比较无聊的时候，我会觉得写作业好烦，然后很无趣，就是会比开心时写作业的速率要低下一大截，然后正确率可能也没有很高 嗯，感觉还还可以吧，就是学习方面上的这个状态，可能还没有生活方面上的好，然后生活方面上可能跟某些同学有一点点的矛盾，但是自己又不知道怎么去改善，但又感觉改善之后，好像人家又我不是很想跟你玩之类的吧。 你是我们吃东西比较开心，然后上堂的过程也就比较有趣。然后上完课之后就去就去书城，看自己喜欢的书或周末出去游玩一下，去那些江边啊公园啊玩一玩，嗯，嗯，好像也没有很多特别有趣的事吧。反正这我个人觉得它好玩就好了。 没有，但又感,541,3,0,2,0,0.2879,0,模型风险概率0.144低于判定阈值0.3，且GAD-7仅2分提示焦虑轻微，综合判断未达中度及以上抑郁。,,,速率会变快，正确率可能相较于无聊的时候是也会更高一些。但当我觉得比较无聊的时候，我会觉得写作业好烦，然后很无趣，就是会比开心时写作业的速率要低下一大截，然后正确率可能也没有很高 嗯，感觉还还可以吧，就是学习方面上的这个状态，可能还没有生活方面上的好，然后生活方面上可能跟某些同学有一点点的矛盾，但是自己又不知道怎么去改善，但又感觉改善之后，好像人家又我不是很想跟你玩之类的吧。 你是我们吃东西比较开心，然后上堂的过程也就比较有趣。然后上完课之后就去就去书城，看自己喜欢的书或周末出去游玩一下，去那些江边啊公园啊玩一玩，嗯，嗯，好像也没有很多特别有趣的事吧。反正这我个人觉得它好玩就好了。 没有，但又感觉有点开心嗯，没了。 所观察到并没有。 一些自己喜欢的事情，然后想一想嗯要考上高中之后呢，呃父母会给予一定的奖。我想得到这个奖励，那我就会一直努力的去学，然后就可以让自己保持活力与希望，从而不会就是感觉很沮丧，很无聊，反正现在成绩也考不上高中，这样的情绪就可能会相对要少一点。嗯，反正秘诀就是让自己每天开心一点点，做一些自己喜欢的事画画画呀，或者看我喜欢的书啊，或者做一些嗯让自己开心的事情。 然后画画画一会儿画看一会儿自己喜欢的书之类的，或者写自己喜欢科目的作业，来缓解这个焦虑。,0.144,0,False
J0005,165,我觉得我和我家人的相处模式是略微欢快的。我的妈妈是一个很温柔的女性，我的爸爸就是一个比较有男子气概的男性，他们两个都对我非常好。我们相处佛是非常的有趣。 呃，在学校的空余时间，我喜欢画画。如果嗯在课间时间的话，我会选择自主学习，查看当天的学习内容并复习。而在没有这种而在没有这些计划的情况下，我也选择画画，或者说自己唱歌。 一边开心，一边平静吧。对对于考对对于学习上我的是瓶颈，那待遇呃，除了学习外的校园生活，我是开心的。 这种状态让我的晚上没有好的睡眠，在我的学习上，让我在课堂上变得很贪，睡，在生活上生活倒没有什么影响，因为这是学校的事，不关我家里的事。 小小世界天天开心，人就活着一次，有什么事,492,9,0,3,0,0.3216,0,模型风险概率0.1608低于判定阈值0.3，且不确定度中等、GAD-7仅3分未达焦虑阈值，综合不支持中度及以上抑郁。,,,我觉得我和我家人的相处模式是略微欢快的。我的妈妈是一个很温柔的女性，我的爸爸就是一个比较有男子气概的男性，他们两个都对我非常好。我们相处佛是非常的有趣。 呃，在学校的空余时间，我喜欢画画。如果嗯在课间时间的话，我会选择自主学习，查看当天的学习内容并复习。而在没有这种而在没有这些计划的情况下，我也选择画画，或者说自己唱歌。 一边开心，一边平静吧。对对于考对对于学习上我的是瓶颈，那待遇呃，除了学习外的校园生活，我是开心的。 这种状态让我的晚上没有好的睡眠，在我的学习上，让我在课堂上变得很贪，睡，在生活上生活倒没有什么影响，因为这是学校的事，不关我家里的事。 小小世界天天开心，人就活着一次，有什么事能让自己不开心呢？嗯，也就因为成绩嘛，那成绩只是一时的，他不会伴随随着你的一生成绩，他并不是的评价你这个人的一个标准，而且人不能一直处于低谷状态，不能天天天说一些负面情绪话或干一些负面情绪的事。 因为月考成绩不太好，我怕父母失望。 有时晚上总是是有时候晚上的时候会很晚才睡，因为我们寝室的人好像呃心思可能比较亢奋吧。有时候晚上会聊天到很晚是 嗯，星期天有好几天吧，但是也没有频繁发生。,0.1608,0,True
J0006,818,我最近睡眠不好，学习上呢也很困扰。 嗯，跟好朋友吃好东西，就是吃零食后跟好友人一起玩，然后每天快快乐乐，然后学习上呢不懂就问，也不会令我有些焦虑。秘诀的话就是每天呢认真做好自己，然后快乐活着，不要老是焦虑的，想其他事情不开心，可以与好朋友倾诉，互相找到慰藉。开心的时候呢，可以一起疯玩。 平时呢就是和平共处了，我们都会互相尊敬，而且我爸妈会尊重我的隐私，也不会怎么要求我学习非常好，让我放平心态地学习。所以平时呢很开心，跟他们在一起。 无聊。 学习可能没有全心全意地学习，导致很多知识点不会，然后也不敢去问老师，生活的话就是容易焦虑，然后心情不好。 常常会因为念书不好而焦虑。 比如说同学叫我出去玩，,367,5,0,3,0,0.2757,0,模型风险概率0.1379低于判定阈值0.3，且不确定度较低，故未达中度及以上抑郁。,,,我最近睡眠不好，学习上呢也很困扰。 嗯，跟好朋友吃好东西，就是吃零食后跟好友人一起玩，然后每天快快乐乐，然后学习上呢不懂就问，也不会令我有些焦虑。秘诀的话就是每天呢认真做好自己，然后快乐活着，不要老是焦虑的，想其他事情不开心，可以与好朋友倾诉，互相找到慰藉。开心的时候呢，可以一起疯玩。 平时呢就是和平共处了，我们都会互相尊敬，而且我爸妈会尊重我的隐私，也不会怎么要求我学习非常好，让我放平心态地学习。所以平时呢很开心，跟他们在一起。 无聊。 学习可能没有全心全意地学习，导致很多知识点不会，然后也不敢去问老师，生活的话就是容易焦虑，然后心情不好。 常常会因为念书不好而焦虑。 比如说同学叫我出去玩，然后呢我会因为无聊而感到有点厌烦，而且很多人没有跟我一起玩儿。以前呢就是那种不会感到无聊，每一天都很充实，现在呢有点空虚寂寞。 有的。,0.1379,0,False
J0007,1264,去运动。 宁静。 用一种乐观的心态去看待每一件事情。如果遇到了自己不是很愉快的事情，可以想一想，他有什么好处给你带来什么益利益处。 没有。 有很多个，其中有一个就是和我打篮球的时候，他和我一队，然后他投了好几个三不沾，我们就在那里开玩笑，始终在那玩耍。 打篮球。 平常好好学习，如果有压力就去打球，打篮球活动一下，释放一下压力，目前没有什么呃太大的压力问题。,179,3,0,2,0,0.1951,0,模型风险概率0.0975远低于判定阈值0.3，且自评不确定度较低，故未达中度及以上抑郁。,,,去运动。 宁静。 用一种乐观的心态去看待每一件事情。如果遇到了自己不是很愉快的事情，可以想一想，他有什么好处给你带来什么益利益处。 没有。 有很多个，其中有一个就是和我打篮球的时候，他和我一队，然后他投了好几个三不沾，我们就在那里开玩笑，始终在那玩耍。 打篮球。 平常好好学习，如果有压力就去打球，打篮球活动一下，释放一下压力，目前没有什么呃太大的压力问题。,0.0975,0,False
J0008,808,呃可能会在课上走神呃，或者比较内耗内耗心理，反正 哎，觉得考好了就不会遭受遭受，别人就是不同的眼神，应该就会很让人佩服。受欢迎一点，自己强大了才算真的强大，不能依靠别人 嗯，可能做那件事儿的时候，会想着嗯，还不如学习呢，就没有太大动力，没有太大兴趣了，提不上兴趣 嗯，成绩吧，成绩不理想，还有嗯自己总是清醒的堕落，比较讨厌自己，感觉对不起，我的父母就差不多了 嗯，情绪不太稳定，有时候会很低落，嗯，也没什么了 没有什么最有趣、最有意义的周末一般就是在家写作业或者是玩，宅在家里比较无聊 哎，成绩不理想啊，对成绩略微担忧，家庭方面也不是很和谐，但还可以也没什么很大的事儿，时常也有点不太会开心，就这样。,437,13,1,15,1,0.2655,1,模型风险概率0.8672远高于判定阈值0.3，且自评不确定度较低，支持中度及以上抑郁风险判定。,,,呃可能会在课上走神呃，或者比较内耗内耗心理，反正 哎，觉得考好了就不会遭受遭受，别人就是不同的眼神，应该就会很让人佩服。受欢迎一点，自己强大了才算真的强大，不能依靠别人 嗯，可能做那件事儿的时候，会想着嗯，还不如学习呢，就没有太大动力，没有太大兴趣了，提不上兴趣 嗯，成绩吧，成绩不理想，还有嗯自己总是清醒的堕落，比较讨厌自己，感觉对不起，我的父母就差不多了 嗯，情绪不太稳定，有时候会很低落，嗯，也没什么了 没有什么最有趣、最有意义的周末一般就是在家写作业或者是玩，宅在家里比较无聊 哎，成绩不理想啊，对成绩略微担忧，家庭方面也不是很和谐，但还可以也没什么很大的事儿，时常也有点不太会开心，就这样。 嗯好像没有。 哎，就是我泪点比较低，哎，平常很容易就会由于别人的三言两语就很容易情绪低落就会就会流泪。唉，导致别人都以为我很爱哭的，反正就是情绪很容易被动，很烦，我也不想这样子。不过我想我想强硬一点，跟别人说话，结果就是哎会流泪啊，说不清楚，跟别人说话，到时吵起来的话，哎,0.8672,1,False
J0009,507,打篮球运动 还好吧，也就那样 没有什么据我了解好像没有哦，应该是没有 还好吧好吧 打游戏啊，看看书啊。 每天开开心心无忧无虑的多去运动，锻炼，快乐念书。 一般周末就打打游戏，写写作业，上上课就没事了，也没什么意义，有趣的。,111,7,0,6,0,0.1536,0,模型风险概率0.0768远低于判定阈值0.3，且系统不确定度低，故未达中度及以上抑郁。,,,打篮球运动 还好吧，也就那样 没有什么据我了解好像没有哦，应该是没有 还好吧好吧 打游戏啊，看看书啊。 每天开开心心无忧无虑的多去运动，锻炼，快乐念书。 一般周末就打打游戏，写写作业，上上课就没事了，也没什么意义，有趣的。,0.0768,0,False
J0010,84,平静嗯。 练字。 一个。 学习相对紧张。 一直学习。 自己缓解,31,5,0,5,0,0.1441,0,模型风险概率0.072远低于判定阈值0.3，且系统不确定度低，故未达中度及以上抑郁。,,,平静嗯。 练字。 一个。 学习相对紧张。 一直学习。 自己缓解,0.072,0,False
J0011,266,我身边没有处于这种状态的同学和朋友。 是我喜欢做些手工。 让自己放松下来。 会嗯尝试让自己放松，然后会跟爸妈说 我会选得高兴。 最有趣最有意义的周末发生了。嗯，我一般呢就是周六用来写作业，然后剩下的时间可以拿来看书，或者是拿来玩 我刚刚有些字读错了咋办？应该没事儿吧呃，生活状态还可以，念书，就是比较紧张。嗯,154,9,0,2,0,0.0859,0,模型风险概率0.043远低于判定阈值0.3，且自评不确定度低、GAD-7未达焦虑阈值，故未达中度及以上抑郁。,,,我身边没有处于这种状态的同学和朋友。 是我喜欢做些手工。 让自己放松下来。 会嗯尝试让自己放松，然后会跟爸妈说 我会选得高兴。 最有趣最有意义的周末发生了。嗯，我一般呢就是周六用来写作业，然后剩下的时间可以拿来看书，或者是拿来玩 我刚刚有些字读错了咋办？应该没事儿吧呃，生活状态还可以，念书，就是比较紧张。嗯,0.043,0,False
J0012,283,没有没有没有没有。 嗯，和同学相处也不错，宿舍环境也是已经可以呃，宿舍环境已经可以接受了。然后念书当下是跟得上，没有特别大的压力。 我最要好的朋友，只有一个，他是我从幼儿园到小学六年级玩的最好的一个朋友。然后就是我们可以在学习的过程中互相帮忙。然后呢，周末会统一的一起出去玩，嗯，就这样。 我会选择和同学或老师交流 我会选择平平无奇。 我喜欢课后预习复习功课，晚上呃，也喜也喜欢和同学们一起出去夜跑。 我是经常会想一些美好的事情，然后呢和同学会多聊一些自己的爱好，然后和同学聊的比较过来。,244,6,0,3,0,0.0654,0,模型风险概率0.0327远低于判定阈值0.3，且自评不确定度低，GAD-7仅3分未达焦虑阈值，综合不支持中度及以上抑郁。,,,没有没有没有没有。 嗯，和同学相处也不错，宿舍环境也是已经可以呃，宿舍环境已经可以接受了。然后念书当下是跟得上，没有特别大的压力。 我最要好的朋友，只有一个，他是我从幼儿园到小学六年级玩的最好的一个朋友。然后就是我们可以在学习的过程中互相帮忙。然后呢，周末会统一的一起出去玩，嗯，就这样。 我会选择和同学或老师交流 我会选择平平无奇。 我喜欢课后预习复习功课，晚上呃，也喜也喜欢和同学们一起出去夜跑。 我是经常会想一些美好的事情，然后呢和同学会多聊一些自己的爱好，然后和同学聊的比较过来。,0.0327,0,False
J0013,1203,没有什么办法，主要就是 嗯，最好的朋友有挺多个朋友的，然后就因为就是嗯，更好的朋友就都是九年级的。然后目前就是班。哎呀。就是朋友就是认识的人比较多，所以有挺多个朋友的，就是玩的略微好的，还是我们班上的。 主要是有，主要是就是认识了挺多朋友的，友人会陪我，就是有不开心的事情。 好像有，就是但是我也没有怎么了解。 嗯就是，嗯反正总会有一些不开心的事情嘛，然后不开心就会画画，画出来的话，就感觉不开心的话，不开心的时候会画的更好。 还行。 在外校，然后就认识很多其他班的朋友就是除，嗯，起码就是就外校也认识很多，就其他班的人就认识几十个，然后他们都跟我玩挺好的，然后不开心的时候，他们都会安慰。,295,11,1,7,0,0.5135,1,模型风险概率0.7433远高于判定阈值0.3，虽不确定度中等且GAD-7仅提示轻度焦虑，但综合判定达到中度及以上抑郁风险。,,,没有什么办法，主要就是 嗯，最好的朋友有挺多个朋友的，然后就因为就是嗯，更好的朋友就都是九年级的。然后目前就是班。哎呀。就是朋友就是认识的人比较多，所以有挺多个朋友的，就是玩的略微好的，还是我们班上的。 主要是有，主要是就是认识了挺多朋友的，友人会陪我，就是有不开心的事情。 好像有，就是但是我也没有怎么了解。 嗯就是，嗯反正总会有一些不开心的事情嘛，然后不开心就会画画，画出来的话，就感觉不开心的话，不开心的时候会画的更好。 还行。 在外校，然后就认识很多其他班的朋友就是除，嗯，起码就是就外校也认识很多，就其他班的人就认识几十个，然后他们都跟我玩挺好的，然后不开心的时候，他们都会安慰。,0.7433,1,True
J0014,13,我周末一般都是写功课或者玩一会儿游戏，之前好多周末能写完作业，会去玩游戏和跟朋友一起去打篮球。 聊天玩游戏跟别人分享下。 这几周的学习，生活，在平常的听课中，有老师上的课呢，我有一点听不懂，但是大致还是可以听懂。有些作业有时候会写不完，会存在一点点焦虑。但是在新学校里呢，我也是交到了新的朋友，而且在周末中我也可以玩一下手机活动一下，放松一下，爸妈也会关心我的在学校里的生活状况。 会跟同学或者爸妈吐槽一下，或者是玩一些玩游戏之类，聊天来舒缓心情。 打游戏写一下作业，背一下书之类的，有时呢也会出去玩，但现在很少。 没有。 高兴，无聊，愤怒，生气，伤心。,277,3,0,0,0,0.1186,0,模型风险概率0.0593远低于判定阈值0.3，且自评不确定度低，故未达中度及以上抑郁。,,,我周末一般都是写功课或者玩一会儿游戏，之前好多周末能写完作业，会去玩游戏和跟朋友一起去打篮球。 聊天玩游戏跟别人分享下。 这几周的学习，生活，在平常的听课中，有老师上的课呢，我有一点听不懂，但是大致还是可以听懂。有些作业有时候会写不完，会存在一点点焦虑。但是在新学校里呢，我也是交到了新的朋友，而且在周末中我也可以玩一下手机活动一下，放松一下，爸妈也会关心我的在学校里的生活状况。 会跟同学或者爸妈吐槽一下，或者是玩一些玩游戏之类，聊天来舒缓心情。 打游戏写一下作业，背一下书之类的，有时呢也会出去玩，但现在很少。 没有。 高兴，无聊，愤怒，生气，伤心。,0.0593,0,False
J0015,711,就是呢成绩又不好嘛，所以呢就很有压力，未来又考不上高中嘛，而且呢就感觉心情很慌，要找一些音乐悲伤的音乐买来给我缓解点压力。所以呢我就感觉很这样嘛，而且的话睡眠最近也不是很好。一般的话十二点多在家里的话一到两点还睡着，心里的话就会想着那些东一些东西。所以呢就然后怎么无法入睡，有时候呢晚上就是特别我时候呢晚上就可别想喝，就是很一种很想摔东西，但是呢我自己又不敢摔，有点胆小，真的不敢乱摔东西。近期呢我自己嘛开学的话还可以吧？ 呃，就就感到挺要孤独吧。 嗯，我相对喜欢，有时候画画吧，因为画画让我感到了非常的放松。然后呢，还有呃我喜欢听歌吧，听歌让我深切其中给忘记了那些烦恼。然后呢，也喜欢出去兜兜风，可,727,14,1,12,1,0.3392,1,模型风险概率0.83远高于判定阈值0.3，且自评不确定度较低，支持中度及以上抑郁风险判定。,,,就是呢成绩又不好嘛，所以呢就很有压力，未来又考不上高中嘛，而且呢就感觉心情很慌，要找一些音乐悲伤的音乐买来给我缓解点压力。所以呢我就感觉很这样嘛，而且的话睡眠最近也不是很好。一般的话十二点多在家里的话一到两点还睡着，心里的话就会想着那些东一些东西。所以呢就然后怎么无法入睡，有时候呢晚上就是特别我时候呢晚上就可别想喝，就是很一种很想摔东西，但是呢我自己又不敢摔，有点胆小，真的不敢乱摔东西。近期呢我自己嘛开学的话还可以吧？ 呃，就就感到挺要孤独吧。 嗯，我相对喜欢，有时候画画吧，因为画画让我感到了非常的放松。然后呢，还有呃我喜欢听歌吧，听歌让我深切其中给忘记了那些烦恼。然后呢，也喜欢出去兜兜风，可以让我身心放松，没有再有人约束我。 总感觉学习不好，然后呢又感觉很焦虑。然而呢心里就觉得有一块石头压着，我总是很不开心。虽然呢平时装作很开心的样子，但是其实内心的在晚上的时候会无缘无故的掉眼泪嘛，所以晚上的时候无缘无故掉眼泪嘛，所以呢我就感觉很焦虑，而且学习上嘛就一种是成绩不好。所以呢无论怎么无论怎么办，学习成绩又不好，特别是英语。所以呢就感觉学习很压力很大嘛。 嗯，并没有吧。 没有什么最有趣的吧，我最有意义的周末呢嗯就是自己出去骑电动车，出去散散心兜风什么的 给读书嘛，就是听不见东西嘛，生活呢就感觉呃挺悲伤的吧，然后呢又挺有压力的，所以呢有时候生活就略微喜欢呃，用某种东西啊缓解一下。自己的情绪，就比如听歌啊，看看手机什么的就感。然后呢，听歌的时候就感觉自己身取其中挺喜欢听歌的。然后呢，有时候呢嗯 都是因为学习什么的，还有呢自己就感觉挺压抑的吧。然后呢，就感觉心里怪石头嘛，就感觉身边的人都感觉好在弄弄，我都好像在评论我吧。然后呢，也挺孤独的。,0.8304,1,True
J0016,758,每个人做自己喜欢做的事。 去那个心理咨询室。 就是就是念书上遇遇到了些困难。 喜欢打还有羽毛球，还有篮球。 暂时还没有 开心。 就是我们经常去打球。,74,5,0,1,0,0.0999,0,模型风险概率0.0499远低于判定阈值0.3，且自评不确定度低、GAD-7焦虑分仅1分，综合不支持中度及以上抑郁。,,,每个人做自己喜欢做的事。 去那个心理咨询室。 就是就是念书上遇遇到了些困难。 喜欢打还有羽毛球，还有篮球。 暂时还没有 开心。 就是我们经常去打球。,0.0499,0,False
J0017,287,有不愉快的事情，但是不想跟你讲 呃，就你个肾虚仔，你就别想着来了吧，色逼玩意色，别。哎，你这个菜文GPT一边去吧，哦哈，连眼睛都不给我眨一下， 不可以 喜欢造点军火，然后拿到学堂里卖。呃，我们的班长郭子恒就是其中一名顾客 一般都好不容易完成作业，出去发癫一下。然后呢，就去骑个车，然后呢，这个周末就直接从差不多五十多个的楼梯上面抛下来，哇，痛的要死。最近。 哼你只有你能理解吗？你啊就你这样子啊，貌似也不太行啊，我这政治课代表疯狂报感嘛，累的要死子，真的很头痛，你知道吗？能理解吗？你帮得了我吗？貌似不太行耶啊，好，作业上也有点问题再见。 影响倒挺大的啊，但是你最好不要管那么多啊，再吵一句吧，老子把,344,14,1,15,1,0.3577,1,模型风险概率0.8211远高于判定阈值0.3，且自评不确定度中等偏低，支持达到中度及以上抑郁。,,,有不愉快的事情，但是不想跟你讲 呃，就你个肾虚仔，你就别想着来了吧，色逼玩意色，别。哎，你这个菜文GPT一边去吧，哦哈，连眼睛都不给我眨一下， 不可以 喜欢造点军火，然后拿到学堂里卖。呃，我们的班长郭子恒就是其中一名顾客 一般都好不容易完成作业，出去发癫一下。然后呢，就去骑个车，然后呢，这个周末就直接从差不多五十多个的楼梯上面抛下来，哇，痛的要死。最近。 哼你只有你能理解吗？你啊就你这样子啊，貌似也不太行啊，我这政治课代表疯狂报感嘛，累的要死子，真的很头痛，你知道吗？能理解吗？你帮得了我吗？貌似不太行耶啊，好，作业上也有点问题再见。 影响倒挺大的啊，但是你最好不要管那么多啊，再吵一句吧，老子把你主机给拔了。 这个发生频率老大了，贼踏马大啊，一天就来个两三次，能把人给烦死那种。然后,0.8211,1,True
J0018,379,多和父母聊聊天，因为我们上的中学父母是已经进入了倒计时的，所以我们要多陪陪父母，让自己保持活力和希望。 就是最近两周我一直都不太适应，就感觉做啥啥不顺，然后学习也是一样，没有根本没有进步的空间，就是想回家，每天早上起来时都会发现不在自己家里，而感到十分的郁闷。身边的同学都已经在适应了，而我却还是止步向前 没有什么好缓解的，只要适应生活，适应大群体就行了。 我和我父母的相处方式，就是平常有话没话就聊两天，总不像说到时候上学聊天都没得聊，有时候出去旅旅游，就感到好像是有事没事，就聊两天的那种好朋友一样的。 没有啊，我朋友都是一群非常开心的阳光好少年。 就是总是很想家，但是又回不了家，就感觉在校园里,363,11,1,16,1,0.4424,1,模型风险概率0.7788远高于判定阈值0.3，虽不确定度中等且GAD-7仅反映焦虑，但综合仍支持中度及以上抑郁风险。,,,多和父母聊聊天，因为我们上的中学父母是已经进入了倒计时的，所以我们要多陪陪父母，让自己保持活力和希望。 就是最近两周我一直都不太适应，就感觉做啥啥不顺，然后学习也是一样，没有根本没有进步的空间，就是想回家，每天早上起来时都会发现不在自己家里，而感到十分的郁闷。身边的同学都已经在适应了，而我却还是止步向前 没有什么好缓解的，只要适应生活，适应大群体就行了。 我和我父母的相处方式，就是平常有话没话就聊两天，总不像说到时候上学聊天都没得聊，有时候出去旅旅游，就感到好像是有事没事，就聊两天的那种好朋友一样的。 没有啊，我朋友都是一群非常开心的阳光好少年。 就是总是很想家，但是又回不了家，就感觉在校园里什么事都不顺心，也不想学习，啥都不想干，打球也没精力。 我喜欢跟我朋友打会球，或者提前回到教室里写会习题，或者跟朋友聊一下天。,0.7788,1,True
J0019,527,秘诀没有。 呃，近期读书状态很不错，只不过呢有个叫叫胡玉海的人很烦哦。嗯还有经常怎么说呢？没有任何问题。 打乒乓球。 最有意义的周末，就是在周末拿到了手机，能玩上游戏。 没有这辈子都没有。 适当就可以适当的方法，我具体没什么方法。 开心开心。,121,2,0,0,0,0.1861,0,模型风险概率0.093远低于判定阈值0.3，且自评不确定度低、GAD-7为0，综合不支持中度及以上抑郁。,,,秘诀没有。 呃，近期读书状态很不错，只不过呢有个叫叫胡玉海的人很烦哦。嗯还有经常怎么说呢？没有任何问题。 打乒乓球。 最有意义的周末，就是在周末拿到了手机，能玩上游戏。 没有这辈子都没有。 适当就可以适当的方法，我具体没什么方法。 开心开心。,0.093,0,False
J0020,139,嗯，好，我的朋友和我都是因为学习方面困扰其他方面是没有的。 会跟友人呃说这些事情，然后让朋友开导，然后通过伙伴的开导呃，自己在调整情绪来缓解这种。 三四个吧，有一个是小学认识的，但是小学那会儿他不认识我，后面我们呃六年级呃，因为一些事情认识了，当时我跟他讲起这件事，他也觉得挺嗯，感觉挺巧合的。就是我们俩当时都是互相认识，但是就是都没有人迈出这一步去相互认识，对方只知道对方的名字。 平静， 没有。 我喜欢看些小说。 最近吃饭、生活状态都挺顺，都挺开心，就是担除了担心学习方面的压力除外，其他方面会自我鼓励。,254,9,0,1,0,0.2035,0,模型风险概率0.1017低于判定阈值0.3，且自评不确定度较低，综合判定未达中度及以上抑郁。,,,嗯，好，我的朋友和我都是因为学习方面困扰其他方面是没有的。 会跟友人呃说这些事情，然后让朋友开导，然后通过伙伴的开导呃，自己在调整情绪来缓解这种。 三四个吧，有一个是小学认识的，但是小学那会儿他不认识我，后面我们呃六年级呃，因为一些事情认识了，当时我跟他讲起这件事，他也觉得挺嗯，感觉挺巧合的。就是我们俩当时都是互相认识，但是就是都没有人迈出这一步去相互认识，对方只知道对方的名字。 平静， 没有。 我喜欢看些小说。 最近吃饭、生活状态都挺顺，都挺开心，就是担除了担心学习方面的压力除外，其他方面会自我鼓励。,0.1017,0,False
J0021,74,对对对，和平打游戏太菜了，被队友骂菜狗怎么整？ 呃，背后里说说我坏话。 没有不想说。 跟一个男生玩的很好。 呃，主要主要就是因成绩。 他们说我太帅了。 呃，心里慌的。 呃，写小说。 算了吧，你可想多了，我不说。,105,16,1,18,1,0.6044,1,模型风险概率0.6978远高于判定阈值0.3，虽自评不确定度偏高且仅有焦虑量表信息，但按系统判定标准已达到中度及以上抑郁风险。,,,对对对，和平打游戏太菜了，被队友骂菜狗怎么整？ 呃，背后里说说我坏话。 没有不想说。 跟一个男生玩的很好。 呃，主要主要就是因成绩。 他们说我太帅了。 呃，心里慌的。 呃，写小说。 算了吧，你可想多了，我不说。,0.6978,1,False
J0022,831,嗯，找朋友聊天或者呃画画。 呃，我跟我家人的相处模式呃，就有点像朋友之间的感觉。呃，沟通情绪的话，一般好一好的感觉就会跟他们说，不好的事情，一般不会跟他们说。 平静。 大概晚上十一二点的时候呢，会有一种情况发生，就是会感觉到很冷。然后呢心态特别的慌，有种那种呼吸不了，然后呢又有一种那种被针扎了的感觉，就贼他妈无语，然后就睡不着，然后就是想睡都睡不了，然后还会头痛肚子一烦，然后呢可能会摔东西撕东西，甚至最烦躁。有一次是会把我弟打，所以说一般我弟不敢跟我睡。 就按照平常的状态就行了，然后呢，定一个目标之类的配决，没有秘诀。 还行还行吧，就按之前的作息，只不过提前了一点点，然后呢呃按照一般的学习状态,670,13,1,8,0,0.4309,1,模型风险概率0.7846远高于判定阈值0.3，虽不确定度中等且GAD-7仅轻度焦虑，但综合仍支持中度及以上抑郁风险。,,,嗯，找朋友聊天或者呃画画。 呃，我跟我家人的相处模式呃，就有点像朋友之间的感觉。呃，沟通情绪的话，一般好一好的感觉就会跟他们说，不好的事情，一般不会跟他们说。 平静。 大概晚上十一二点的时候呢，会有一种情况发生，就是会感觉到很冷。然后呢心态特别的慌，有种那种呼吸不了，然后呢又有一种那种被针扎了的感觉，就贼他妈无语，然后就睡不着，然后就是想睡都睡不了，然后还会头痛肚子一烦，然后呢可能会摔东西撕东西，甚至最烦躁。有一次是会把我弟打，所以说一般我弟不敢跟我睡。 就按照平常的状态就行了，然后呢，定一个目标之类的配决，没有秘诀。 还行还行吧，就按之前的作息，只不过提前了一点点，然后呢呃按照一般的学习状态学就好了，就有一些偏科，其他没有了。 嗯，大概就是因为晚上感觉特别难受，嗯，就是大概的时间为十二点，十一点左右吧，晚一点就是凌晨一两点简单，你问问。 因为晚上没睡好，一般都是凌晨一两点才睡得着。因此说第二天早上会犯困，会影响一些学习。 呃，我一般过周末的情况很简单，早上六七点起，最晚也就八点多。然后起来之后呢，我就会去刷完牙，洗完脸嘛。干完事情之后呢，有的时候洗了澡，就比如六七点的时候，我可能会去晨跑，跑，完步之后我就可以回家回家。刚好就是给我爸爸妈妈做早餐。如果我爸爸妈妈已经出去了的话，那我就自己给自己做早餐，然后呢，顺便帮我弟弟叫起床，带他一起吃嘛。吃完之后呢，就按照平常的作息情况来调整。然后呢，一到习题写完之后呢，我就可以玩手机，一般大部分时间都是在沉迷于手机里面。呃，最有意义的事情的话，应该也就是周末跟同学可以出去玩的时候,0.7846,1,True
J0023,244,没有秘诀，我心态就挺好的。 我有好多好朋友，然后我跟我一个好朋友，最近就是一起读书，然后进步很大。然后我们两个一个班级，第一，一个班级，第二就特别高兴，然后班级前五全都是，不也不全，都是有三个女生，就只有两个男生。 让我的生活变得比较充足，我学习也能提升挺大的。 没有 开心。 就是感觉之前学习不是很开心很累。然后现在因为心情好了，学什么都感觉很快，很高兴。 觉得还挺不错。 考的还不错，我考的还挺ok的吧。,204,3,0,4,0,0.262,0,模型风险概率0.131低于判定阈值0.3，且不确定度较低，故未达中度及以上抑郁。,,,没有秘诀，我心态就挺好的。 我有好多好朋友，然后我跟我一个好朋友，最近就是一起读书，然后进步很大。然后我们两个一个班级，第一，一个班级，第二就特别高兴，然后班级前五全都是，不也不全，都是有三个女生，就只有两个男生。 让我的生活变得比较充足，我学习也能提升挺大的。 没有 开心。 就是感觉之前学习不是很开心很累。然后现在因为心情好了，学什么都感觉很快，很高兴。 觉得还挺不错。 考的还不错，我考的还挺ok的吧。,0.131,0,False
J0024,613,我感觉挺好的，天天有好朋友陪伴我好朋友贼多学习也不累，超级good 根本没有我旁边的基友都非常的开朗。根本花不完 嗯，因为呢我人缘很好喜欢跟我的朋友一起聊天、唱歌。他们都是我的好基友，我们都是很开朗的，根本不怕emo之类的。正因为我这些伙伴让我在生活中有了光彩，让我一个人不再孤独。 呵呵，我的朋友之间都非常的融洽，他们一个个都被称之为好基友。我们经常一起起上课，一起下课，一起吃饭，一起就是在里面聊一起聊天，都是好基友。 我想起我的那些伙伴，一个个都是生机勃勃，可光可采。我觉得有他们在，让我的生活变得更加光彩，不带那么的孤独孤单。我觉得朋友是很重要的。 开朗happy激动，觉得每一天生活都很美好,429,7,0,1,0,0.1637,0,模型风险概率0.0819远低于判定阈值0.3，且系统不确定度低、GAD-7焦虑分仅1分，综合不支持中度及以上抑郁。,,,我感觉挺好的，天天有好朋友陪伴我好朋友贼多学习也不累，超级good 根本没有我旁边的基友都非常的开朗。根本花不完 嗯，因为呢我人缘很好喜欢跟我的朋友一起聊天、唱歌。他们都是我的好基友，我们都是很开朗的，根本不怕emo之类的。正因为我这些伙伴让我在生活中有了光彩，让我一个人不再孤独。 呵呵，我的朋友之间都非常的融洽，他们一个个都被称之为好基友。我们经常一起起上课，一起下课，一起吃饭，一起就是在里面聊一起聊天，都是好基友。 我想起我的那些伙伴，一个个都是生机勃勃，可光可采。我觉得有他们在，让我的生活变得更加光彩，不带那么的孤独孤单。我觉得朋友是很重要的。 开朗happy激动，觉得每一天生活都很美好，而且我还有很好的朋友过来陪我一起玩，太happy了。 我喜欢一个人写日记，要么闲着，没事干，去打打水，上个厕所或陪我的好朋友们一起聊天，一起说笑话，反正我把时间安排的满满的。 直接找老师找朋友，找心理老师去跟他们调跟他们诉说，然后呢用一些合理方法发泄过来。,0.0819,0,False
J0025,301,周末周末周六的时候，从下午两点开始上课，上到晚上十点，然后回家看了一会儿，手机星期天又补作业。 保持一颗良好的心态，就是我唯一的秘诀。 告诉我喜欢跟同学一起聊天，然后或者看一些书，画一会儿画。 要月考啊，没有发生什么不在低落的时候，所以就是怎么说吧，发烧了，然后请假了一天，然后因为上不到课，所以有点难过 对我的生活没有带来什么影响，只是睡眠有点不太好，最近听课总是打瞌睡。 呃睡眠不足快，要段考了，考不好就害怕这点不一样。 这样我就我最近觉得心里很慌，因为要月考了。 啊啊，因为因为要第一次段考了，有点小紧张吧，怕考不好，,262,15,1,6,0,0.2828,1,模型风险概率0.8586远高于判定阈值0.3，且自评不确定度较低，支持中度及以上抑郁风险。,,,周末周末周六的时候，从下午两点开始上课，上到晚上十点，然后回家看了一会儿，手机星期天又补作业。 保持一颗良好的心态，就是我唯一的秘诀。 告诉我喜欢跟同学一起聊天，然后或者看一些书，画一会儿画。 要月考啊，没有发生什么不在低落的时候，所以就是怎么说吧，发烧了，然后请假了一天，然后因为上不到课，所以有点难过 对我的生活没有带来什么影响，只是睡眠有点不太好，最近听课总是打瞌睡。 呃睡眠不足快，要段考了，考不好就害怕这点不一样。 这样我就我最近觉得心里很慌，因为要月考了。 啊啊，因为因为要第一次段考了，有点小紧张吧，怕考不好，,0.8586,1,False
J0026,327,开心，开心。 有挺多的好友人，然后一起打球，一起出去玩。 与朋友聊天、做运动、打篮球和下棋。 没有。 运动很简单，运动就这样子。 学习相对轻松，还有新学的知识比较简单，对于新学的知识，也有新的看法，新的理解，比较喜欢新来的老师和新的学科。 每天乐观向上，积极面对生活。,134,4,0,0,0,0.1031,0,模型风险概率0.0516远低于判定阈值0.3，且系统不确定度低、GAD-7为0，综合判断未达中度及以上抑郁。,,,开心，开心。 有挺多的好友人，然后一起打球，一起出去玩。 与朋友聊天、做运动、打篮球和下棋。 没有。 运动很简单，运动就这样子。 学习相对轻松，还有新学的知识比较简单，对于新学的知识，也有新的看法，新的理解，比较喜欢新来的老师和新的学科。 每天乐观向上，积极面对生活。,0.0516,0,False
J0027,225,因最近换季了，胃痛，所以睡眠不好。没有别的了 自己的事呃，以前出去打球玩的时候都挺感兴趣的，呃，且经常投中中的几率也就大。目前呃现在出去玩也觉得蛮无聊的，投球也心不在焉的。 嗯，有三四个吧，就是那次和他出去一起出去玩，然后他摔了一跤，摔了个狗吃屎啊，嗯然后还掉了呃，还还还还一起出去，出去就去外面玩呃，去吃去喝蜜雪冰城，还吃了烧烤。嗯，那时候他矮矮的胖胖的，然后很喜欢玩游戏，没了这个。 呃，分散注意力。 那呃睡眠质量不好，上课发呆有点走神，胃痛，然后就有点走神没了。 应该没有。 对呃，和小学同学分开了，呃，很想他们也挺像嗯，他们老人们离开了，都回老家了，在这边也很少玩到回老家的，也不经常见面。嗯,376,8,0,5,0,0.3268,0,模型风险概率0.1634低于判定阈值0.3，且系统自评不确定度中等，综合判断未达到中度及以上抑郁。,,,因最近换季了，胃痛，所以睡眠不好。没有别的了 自己的事呃，以前出去打球玩的时候都挺感兴趣的，呃，且经常投中中的几率也就大。目前呃现在出去玩也觉得蛮无聊的，投球也心不在焉的。 嗯，有三四个吧，就是那次和他出去一起出去玩，然后他摔了一跤，摔了个狗吃屎啊，嗯然后还掉了呃，还还还还一起出去，出去就去外面玩呃，去吃去喝蜜雪冰城，还吃了烧烤。嗯，那时候他矮矮的胖胖的，然后很喜欢玩游戏，没了这个。 呃，分散注意力。 那呃睡眠质量不好，上课发呆有点走神，胃痛，然后就有点走神没了。 应该没有。 对呃，和小学同学分开了，呃，很想他们也挺像嗯，他们老人们离开了，都回老家了，在这边也很少玩到回老家的，也不经常见面。嗯，然后呃手机也被收了，也不能经常跟他们聊天了，然后上初中了就周末才能回去，也挺难过的，也很少能出去玩了。 早上早早起床呃，听课比较认真呃，上课紧张没了。,0.1634,0,True
J0028,1056,然后没有，就是我压抑的是我成绩，就是一直都在原地，初一初二到初三都是这样。我就觉得我就是每次上课又听不懂，写作又不会，然后这样子根本就不会有进步，这样子也会考不上高中，然后让我觉得很难过的事情。其实我感觉这这是一件很小的事情。可是我就是觉得很难过，就是我们班上有一些男生，就是每次看到我就会走的很远，就感觉很嫌弃，我很讨厌我。呃，就是我这样子会让我感到有点难过。就是还有个男生就是可以当面的这样讽刺我，我也会觉得很难过。那这件事情我都没有跟其他人讲，我都自己在心里知道就行， 嗯，就是在班上的话，可能我会有一些很讨厌的男生跟女生嗯，男生的话就是有很明显的在说我一些不好吧，就是在我面前说都会我都能听得,1035,15,1,8,0,0.24,1,模型风险概率0.88远高于判定阈值0.3，且自评不确定度较低（0.24），支持判定为中度及以上抑郁风险。,,,然后没有，就是我压抑的是我成绩，就是一直都在原地，初一初二到初三都是这样。我就觉得我就是每次上课又听不懂，写作又不会，然后这样子根本就不会有进步，这样子也会考不上高中，然后让我觉得很难过的事情。其实我感觉这这是一件很小的事情。可是我就是觉得很难过，就是我们班上有一些男生，就是每次看到我就会走的很远，就感觉很嫌弃，我很讨厌我。呃，就是我这样子会让我感到有点难过。就是还有个男生就是可以当面的这样讽刺我，我也会觉得很难过。那这件事情我都没有跟其他人讲，我都自己在心里知道就行， 嗯，就是在班上的话，可能我会有一些很讨厌的男生跟女生嗯，男生的话就是有很明显的在说我一些不好吧，就是在我面前说都会我都能听得到。然后女生的话就是可能会背背地里有三个女生这么说吧 在学校的话，空余时间就想跟朋友聊天或是就是睡觉，或就是看一下课外书，要是在家的话，就会想出去公园走走，然后刷刷视频睡觉 就是就是有时候会觉得自己很丑，很自卑，就是脸上要长，脸上要长痘痘呀，长得也不是很好看。然后还是胖胖的壮壮的，然后成成绩又不好，性格也不好，就是感觉很在意别人对我的看法，还有对我的立论评论我都会很在意。但是嗯就是这样子，就感觉为什么别人就是可以长得很漂亮啊，成绩可以很好，为什么我又不可以，为什么脸上为什么为什么就是脸上要长痘痘呢？ 大年三十就是我就是不是很喜欢我的妹妹吧，她就会经常跟我吵架。她可能就是有一种很不服我的感觉，就是让我感觉到就是他就是很不尊重我，呃，就是就感觉他就是很不听话，也就是很不尊重我，反正我很不喜欢他，我妈妈的话就还好，我爸爸的话就是脾气太冲动了，其他都挺好的 嗯，觉得就是我们就是感觉，但是我跟我觉得我就是感觉跟我妹妹就是很合不来，我经常会跟他闹矛盾，还有就是吵架或者是打架。虽就是我妈妈就会说呃一个巴掌拍不响，就是说都是两个人都有错，但是我也不知道是不是，但是我就觉得我感觉我就是一个很自私的人，我感觉我做什么都是对的，就是别人跟我对的，我就觉得他就是不对，我就觉得我就是一个很自私的人，真的就是有时就是听到我的班上同学这样说，还是感到有一些难过的，还有就是很焦虑， 就是感觉就是成绩就是一直跟不上吧，就是学又学不懂。然后现在又是初三了，又是没有考上好的校园啊，就会可能会遭到家里面的嗯议论吧，反正就是担心自己的成绩。 在周末就多转移自己注意力，不要太太什么，忘了，我能乘坐吗？就是不想就是把注意力放在这件事情身上，多转移，注意力，多出去散散心，就不要总是想这些事情，,0.88,1,False
J0029,1052,因为之前有很多人说我的坏话。 跟别人诉说，跟别人诉说。 开心。 五六个，喜欢我们之前我们之前在去食堂的时候，看到一个人摔倒了，我们一起在那里笑，会很开心。 喜欢和学友一起打羽毛球。 由于有好友人陪着我。 没有。,105,5,0,3,0,0.1512,0,模型风险概率0.0756远低于判定阈值0.3，且自评不确定度低，GAD-7焦虑分也仅3分，故未达中度及以上抑郁。,,,因为之前有很多人说我的坏话。 跟别人诉说，跟别人诉说。 开心。 五六个，喜欢我们之前我们之前在去食堂的时候，看到一个人摔倒了，我们一起在那里笑，会很开心。 喜欢和学友一起打羽毛球。 由于有好友人陪着我。 没有。,0.0756,0,False
J0030,68,我要死了，为什么还要读出来？父母老师不理解，学习成绩不好，成绩不理想，没自由。 跟家里面的人有矛盾。 有很多好朋友，但是比较重要的，其实只只有几个。然后我们周末就经常一起就是聊游戏，然后什么的，然后也会经常一起就是一起聊一些不开心的事情，然后反正就是然后然后还就就是有的时候会聚在一起玩，反正挺开心的吧。 画画，看视频，看漫画，看动漫玩游戏。 没有办法专心做眼下的事情。 呃不可以。 很焦虑，真的可以吗？很焦虑，因为升学，然后还有家里面的经济原因就是非常焦虑。然后还有就是七个人之间，就是亲戚之间，就是经常就是会夸我，但是我觉得没必要。 基本上每天都有发生吧，每天都有发生。,287,15,1,18,1,0.3359,1,模型风险概率0.8321远高于判定阈值0.3，且自评不确定度仅0.3359，支持中度及以上抑郁风险判定。,,,我要死了，为什么还要读出来？父母老师不理解，学习成绩不好，成绩不理想，没自由。 跟家里面的人有矛盾。 有很多好朋友，但是比较重要的，其实只只有几个。然后我们周末就经常一起就是聊游戏，然后什么的，然后也会经常一起就是一起聊一些不开心的事情，然后反正就是然后然后还就就是有的时候会聚在一起玩，反正挺开心的吧。 画画，看视频，看漫画，看动漫玩游戏。 没有办法专心做眼下的事情。 呃不可以。 很焦虑，真的可以吗？很焦虑，因为升学，然后还有家里面的经济原因就是非常焦虑。然后还有就是七个人之间，就是亲戚之间，就是经常就是会夸我，但是我觉得没必要。 基本上每天都有发生吧，每天都有发生。,0.8321,1,True
J0031,812,喜欢睡觉。 有。 等我这个太困了，听不了课，有时候听不进去。 平静。 多听一点笑话。 有六个好朋友，然后很多有趣的事情讲不过来了。 我要就是晚上睡不着觉，然后早上起来特别特别的困，还很累。 就是我读书还可以，然后朋友关系也还不错。,115,4,0,3,0,0.2386,0,模型风险概率0.1193低于判定阈值0.3，且不确定度较低，综合判定未达中度及以上抑郁。,,,喜欢睡觉。 有。 等我这个太困了，听不了课，有时候听不进去。 平静。 多听一点笑话。 有六个好朋友，然后很多有趣的事情讲不过来了。 我要就是晚上睡不着觉，然后早上起来特别特别的困，还很累。 就是我读书还可以，然后朋友关系也还不错。,0.1193,0,False
J0032,564,一般来讲，我的周末都是一般都是呆在家里，平常会到楼下去玩玩的。我觉得最有意义的周末就是呢去博物馆玩。因为的话呢去了博物馆，我们我和家人都认识了许多有关古中国古代历史，甚至是很久以前的东西，这让我貌似打开了新世界的大门，我觉得非常有趣。嗯，除此之外的话呢，好像就没有了，这就是我最有觉得最有趣或最有意义的周末。 呃，画会儿画看会儿书，呃，或者说看看自己以前做错的题目，来巩固自己的知识，来帮助自己以后的考试能够不会再错。 欢乐开心 不用吃饭了。嗯，我就是属于那种比较乐观的人，我平常的话心态都是略微乐观的。除此之外，当我遇到什么不开心的事情，我一般都会像是那呃幻想一个呃自己哎呦呃想象出来的世界，或者说,648,6,0,1,0,0.1802,0,模型风险概率0.0901远低于判定阈值0.3，且自评不确定度较低，GAD-7焦虑分数也仅为1分，综合判断未达到中度及以上抑郁。,,,一般来讲，我的周末都是一般都是呆在家里，平常会到楼下去玩玩的。我觉得最有意义的周末就是呢去博物馆玩。因为的话呢去了博物馆，我们我和家人都认识了许多有关古中国古代历史，甚至是很久以前的东西，这让我貌似打开了新世界的大门，我觉得非常有趣。嗯，除此之外的话呢，好像就没有了，这就是我最有觉得最有趣或最有意义的周末。 呃，画会儿画看会儿书，呃，或者说看看自己以前做错的题目，来巩固自己的知识，来帮助自己以后的考试能够不会再错。 欢乐开心 不用吃饭了。嗯，我就是属于那种比较乐观的人，我平常的话心态都是略微乐观的。除此之外，当我遇到什么不开心的事情，我一般都会像是那呃幻想一个呃自己哎呦呃想象出来的世界，或者说画会画来平复自己的心情，让自己分散注意力来使得自己不再去挂念那些不好的事情了，让自己再快乐起来。 嗯，似乎我周围的同窗都是那种比较能够接受接，心理接受能力比较强的。但就是的话呢，有那么几位同学，他们进了中学之后，还是比较那种离不开家，小学的那种，每天都回家的生活，就是还不太适应的那种。 呃，和小学的基本上差不多。虽然多了几个科目，但是我觉得我可以应付的下来，成绩虽然平常都不怎么理想，但是我相信我可以做可以成为好成绩的那一种学生的。另外，住宿生活也是挺轻松的。 最多的呀，我会选择在学校去寻找心理老师倾诉，或者说是打8888111111的那个什么忘记了。总之呢就是打那个心理心理交谈的电话，来帮助自己缓解这种情况。而且平常的话呢，我也会就是跟家里人说一下来，多陪家人聊聊天来缓解自己的这种情况。,0.0901,0,False
J0033,489,我一般我的周末就是星期六早上的时候，我会待在家里面。然后呢，下午的时候呢，我会去练琴，并且上钢琴课。然后到了晚上呢，我就会去上舞蹈课。然后星期天的时候呢，我也会待在家里，不过有时候的星期天早上的时候我会去做志愿。嗯，我感到最有趣和最有意义的周末嗯，就是出去和家人，或者说朋友出去玩，或者说吃了好吃的，或者说自己做了好吃的。嗯，好吧，就是这样子的。 没有。 呃，作业挺多的。嗯，感觉挺不错的。啊，每天心情挺愉快的。对，就是这样子没了。 开心。 首先我会采用合理宣泄的方式，比如说打沙包。第二，我会转移自己的注意力，比如去做一些自己喜欢的事情。第三呢，我会寻找家长朋友呃，或者老师的帮助，向他们倾诉我的烦,580,12,1,9,0,0.6074,1,模型风险概率0.6963超过判定阈值0.3，虽不确定度偏高且GAD-7仅反映焦虑，但按系统判定标准仍达到中度及以上抑郁风险。,,,我一般我的周末就是星期六早上的时候，我会待在家里面。然后呢，下午的时候呢，我会去练琴，并且上钢琴课。然后到了晚上呢，我就会去上舞蹈课。然后星期天的时候呢，我也会待在家里，不过有时候的星期天早上的时候我会去做志愿。嗯，我感到最有趣和最有意义的周末嗯，就是出去和家人，或者说朋友出去玩，或者说吃了好吃的，或者说自己做了好吃的。嗯，好吧，就是这样子的。 没有。 呃，作业挺多的。嗯，感觉挺不错的。啊，每天心情挺愉快的。对，就是这样子没了。 开心。 首先我会采用合理宣泄的方式，比如说打沙包。第二，我会转移自己的注意力，比如去做一些自己喜欢的事情。第三呢，我会寻找家长朋友呃，或者老师的帮助，向他们倾诉我的烦恼，并向他们寻求帮助。第四呢，嗯我会做一些自己喜欢的东西，比如说吃零食，比如说看电视，我会吃很多很多的零食，这样子我就会很快乐啦。 我觉得呢就是不要自我内耗，不要把一切都想得太过复杂啊，看开一些不要太过在意一些和自己没有太大关系的事情，保持一个平稳的心态，拥有稳定的情绪，不要让自己的情绪大起大伏，以及对未来有一个目标，对未来存在希望。知道自己应该做什么啊，以后会干什么，就是嗯以及经常做一些令自己愉快的事情，让自己保持在一个，呃，平稳的心态。以及多吃一些好吃的。啊呜啊呜啊呜。 我喜欢吃零食，我喜欢喝饮料，我喜欢看电视。我喜欢看意林，我喜欢发呆。我喜欢睡觉。,0.6963,1,False
J0034,634,开心刺激 我的秘诀是天天保持自信。 我最有意义的周末去出去玩了，去了，海边去了去了，顺德那边去那边去那边玩玩去游乐园玩去那边游乐园玩玩蹦极。 我会采取呼吸法，我会大声喊出来，我会也会去操场跑步，也会去打羽毛球进行体育运动，这就是我的方法，来给自己缓解哇。 嗯，我认为我近期的学习状态挺好的，非常的好。 嗯，是啊，我平时还会去玩游戏，去别人家打游戏，天天打放假的时候天天打 我不清楚。 在课余时间，我喜欢打篮球骑单车，我骑单车的时候还翘头还漂移。,222,3,0,0,0,0.0892,0,模型风险概率0.0446远低于判定阈值0.3，且自评不确定度低、GAD-7为0，综合判断未达中度及以上抑郁。,,,开心刺激 我的秘诀是天天保持自信。 我最有意义的周末去出去玩了，去了，海边去了去了，顺德那边去那边去那边玩玩去游乐园玩去那边游乐园玩玩蹦极。 我会采取呼吸法，我会大声喊出来，我会也会去操场跑步，也会去打羽毛球进行体育运动，这就是我的方法，来给自己缓解哇。 嗯，我认为我近期的学习状态挺好的，非常的好。 嗯，是啊，我平时还会去玩游戏，去别人家打游戏，天天打放假的时候天天打 我不清楚。 在课余时间，我喜欢打篮球骑单车，我骑单车的时候还翘头还漂移。,0.0446,0,False
J0035,450,就比如说我最喜欢画画。那一个画画呢，最近心情好画出来的可能会好看点，但心情不好的时候呢，或许画出来的就是不令人满意的，或者还没有画完，我就不打算了，可能都是因为情绪的原因。现在呢我的情绪还是稳定的，并不像之前一样并不好。 这种事情，我也不知道怎么说，或许就是童年的事情，到青年时想起来的吧，不然打那就少了。 可能经历过最好的事情，就是我有一个小学同学，在一个假期里面这干不好，那干不好？那是一个晴雨天，但是他那天好的时候，他来到我的厂里，陪我一起玩。而我和他本来是没什么好玩的，本来就打打游戏啊，聊聊天，但是外面渐渐的下起了雨。我的朋友这个雨呢来的让我们关系增近。他呢就是我和他一起在雨中里奔跑。欢乐,839,18,1,12,1,0.3129,1,模型风险概率0.8435远高于判定阈值0.3，且自评不确定度较低（0.3129），支持中度及以上抑郁风险的判定。,,,就比如说我最喜欢画画。那一个画画呢，最近心情好画出来的可能会好看点，但心情不好的时候呢，或许画出来的就是不令人满意的，或者还没有画完，我就不打算了，可能都是因为情绪的原因。现在呢我的情绪还是稳定的，并不像之前一样并不好。 这种事情，我也不知道怎么说，或许就是童年的事情，到青年时想起来的吧，不然打那就少了。 可能经历过最好的事情，就是我有一个小学同学，在一个假期里面这干不好，那干不好？那是一个晴雨天，但是他那天好的时候，他来到我的厂里，陪我一起玩。而我和他本来是没什么好玩的，本来就打打游戏啊，聊聊天，但是外面渐渐的下起了雨。我的朋友这个雨呢来的让我们关系增近。他呢就是我和他一起在雨中里奔跑。欢乐的说笑，也就类似于狠狠的一次大雨吧，临异是大雨，但是他 最近可能就是莫名的情绪不好，不怎么喜欢身边的所有人，不喜欢他们的靠近说话，以及父母的不理解。或许他们认为自己是对的，但毕竟我是新时代的人，每个年代的思想都不同，难道是不怎么喜欢身边一切啊，感觉好像变了又没有变，只能说可能就是有一些话很不爽，他那些话让我感到反感，然后情绪就可能会开始暴躁。 可能就是一些平常的事，或许是与朋友的争吵，也或许是爸妈的不理解。主要在意的还是自己可能自己有的时候会有一些压抑，可能就是外貌成绩啊，那些的，自己的成绩没有进步，也没有退步，但是有一些烦，情绪并没有我那么好，家人的不理解可能就是因为不是同一辈的人吧，我想要的现实，我想要的东西可能与他们那个年代不同，在他们眼里看起来就是没用的，我也无法反驳。，毕竟这个本来就是我不该做的。嗯，呀，同学们 并没有多大影响，因为这样子情绪是不会对我其他事情造来影响？主要是可能就是学习有点不上心，生活还是平常一样的这个名单我发你。 并没有嗯，我认识的人也没那么多啊。可能就是普通同学的关系，应该也不会在我面前吧，他们应该是不会说出来的？因为我和他目前也不是好朋友，嗯。 这个是比较轻松的，没什么事情发生，在中学也交到了新朋友，反正就是状态很好，心情也很好,0.8435,1,True
J0036,926,这，呃，学学习还好，家家庭也还好。 我会听音乐。 没有 开心。 没有什么秘诀。 就是呃作业写完了，然后呢，去我亲戚家玩。 我之前羽毛球打的不是很好，目前挺不错的。,81,4,0,0,0,0.1609,0,模型风险概率0.0805远低于判定阈值0.3，且自评不确定度较低，故未达到中度及以上抑郁。,,,这，呃，学学习还好，家家庭也还好。 我会听音乐。 没有 开心。 没有什么秘诀。 就是呃作业写完了，然后呢，去我亲戚家玩。 我之前羽毛球打的不是很好，目前挺不错的。,0.0805,0,False
J0037,75,宁静宁静。 多去想想自己优秀的地方啊，也可以选择看剧读书来让自己保持身心愉悦。通过外在的乐乐趣，让自己感到开心。 好吧，没有。 呃两个呃，他他每天都会都会，他每天都会帮帮助我学习。然后他周末还跟我朋友陪我出去玩，他都会主动找我，出去玩，帮我解决我的烦恼。 看电视，有时候会看一会儿书啊，有时候会打会游戏。 学习任务有点重啊呃的还有搞比赛，有点紧张。嗯，刚开学有点不适应。 向同学交谈交流，交流自己的情况，然后可以找老师啊，上网咨询，找一下心理老师。,224,10,1,2,0,0.6245,1,模型风险概率0.6878超过判定阈值0.3，虽不确定度较高且GAD-7仅2分，但按系统判定标准已达到中度及以上抑郁风险。,,,宁静宁静。 多去想想自己优秀的地方啊，也可以选择看剧读书来让自己保持身心愉悦。通过外在的乐乐趣，让自己感到开心。 好吧，没有。 呃两个呃，他他每天都会都会，他每天都会帮帮助我学习。然后他周末还跟我朋友陪我出去玩，他都会主动找我，出去玩，帮我解决我的烦恼。 看电视，有时候会看一会儿书啊，有时候会打会游戏。 学习任务有点重啊呃的还有搞比赛，有点紧张。嗯，刚开学有点不适应。 向同学交谈交流，交流自己的情况，然后可以找老师啊，上网咨询，找一下心理老师。,0.6878,1,False
J0038,557,学习的压力，而且父母又给我的压力，让我学习。 我呢大多数的话就是玩游戏，然后很少念书。 有时候开心吧，有时无聊，也有时候有伤心，然而开心的话略微多。 这个我不知道。 我会到一个楼顶，然后放两首歌，自己在那听，缓解一下心情。 小时候我就经常玩不学习，到了初二，初中这个阶段多了几科。如果不学习的话，我以后可能都找不到工作，所以我就想努力学习，希望能成功吧。 我的话喜欢游戏，学习这个事情，我就应该没有做过，很少吧，游戏比较多一点。,214,10,1,4,0,0.4953,1,模型风险概率0.7523远高于判定阈值0.3，虽不确定度中等且GAD-7仅4分，但综合抑郁风险指标仍支持达到中度及以上抑郁。,,,学习的压力，而且父母又给我的压力，让我学习。 我呢大多数的话就是玩游戏，然后很少念书。 有时候开心吧，有时无聊，也有时候有伤心，然而开心的话略微多。 这个我不知道。 我会到一个楼顶，然后放两首歌，自己在那听，缓解一下心情。 小时候我就经常玩不学习，到了初二，初中这个阶段多了几科。如果不学习的话，我以后可能都找不到工作，所以我就想努力学习，希望能成功吧。 我的话喜欢游戏，学习这个事情，我就应该没有做过，很少吧，游戏比较多一点。,0.7523,1,True
J0039,955,呃，开心和无聊吧，时间过得太快了，有点无聊。 呃，我的秘诀是一回到家，你就需要痛痛快快的玩一天。然后周五回到回到学校，就会认真学习，努力学习，然后并持坚持完这一周之后，又继续回家玩游戏。 操肯定是没有的啦。 嗯，是吧那没开呃，影响的话就是时间不够约，时间不够，所以我玩的不快乐。 就一周末，那肯定是愉快的玩耍了，然后很开心。好吧。 非常的不错，好吧，游戏里面直接打上，别打大师好吧，十分的开心，十分的开心。好吧，家庭生活又非常的不错，每周回去都可乐，手机每个星期都玩得了，非常的舒服，非常的爽。好吧。 呃，如果我会有这种情况哦，我会采取买瓶饮料的方式来奖励一下自己。然后然后通过打游戏等方法来来放松自,305,2,0,1,0,0.1317,0,模型风险概率0.0658远低于判定阈值0.3，且系统不确定度低、GAD-7焦虑分仅1分，综合不支持中度及以上抑郁。,,,呃，开心和无聊吧，时间过得太快了，有点无聊。 呃，我的秘诀是一回到家，你就需要痛痛快快的玩一天。然后周五回到回到学校，就会认真学习，努力学习，然后并持坚持完这一周之后，又继续回家玩游戏。 操肯定是没有的啦。 嗯，是吧那没开呃，影响的话就是时间不够约，时间不够，所以我玩的不快乐。 就一周末，那肯定是愉快的玩耍了，然后很开心。好吧。 非常的不错，好吧，游戏里面直接打上，别打大师好吧，十分的开心，十分的开心。好吧，家庭生活又非常的不错，每周回去都可乐，手机每个星期都玩得了，非常的舒服，非常的爽。好吧。 呃，如果我会有这种情况哦，我会采取买瓶饮料的方式来奖励一下自己。然后然后通过打游戏等方法来来放松自己，好吧。,0.0658,0,False
J0040,725,平静一点就会比较开心，有活力和希望。 慢了四十秒，我喜欢打篮球，跟朋友一起玩没了。 并没有这种状况的同学和朋友。 我跟其他人的相处方式就是非常平常沟通的话，就是正常沟通。 我会自我调整，调整不好的话，我会去寻寻找心理老师的帮助。 念书状态非常好，上课都听得懂。老师讲课非常认真。 平静。,143,5,0,8,0,0.0406,0,模型风险概率0.0203远低于判定阈值0.3，且自评不确定度极低，故未达中度及以上抑郁。,,,平静一点就会比较开心，有活力和希望。 慢了四十秒，我喜欢打篮球，跟朋友一起玩没了。 并没有这种状况的同学和朋友。 我跟其他人的相处方式就是非常平常沟通的话，就是正常沟通。 我会自我调整，调整不好的话，我会去寻寻找心理老师的帮助。 念书状态非常好，上课都听得懂。老师讲课非常认真。 平静。,0.0203,0,False
J0041,1049,其实也没有什么的，就是有些时候莫名的就感觉就是有点难受或者说压抑的情绪吧，就是莫名。其妙的就感觉会有一点。 近来的感受的话就是可能因为白天上课，然后有些科目听的不是很懂，然后听着听着就想睡觉。然后晚上休息的时候，想到白天的一些事情，然后就会有点睡不着什么的，就会感到不太舒服，不太开心。 有吧？就是但是就是有一点点，他们有些时候会因为学习啊，然后由于就是那个那些学习嘛，然后就就可能会有点跟不上。然后然后呢，因为小学小学只有三个，然后初中就有了七个，然后就那后面就有点跟不上。 就是平时有些时候可能会因为一些学习啊学学的不是特别好，然后或者说跟不上一些情况，然后就是有点点担心，然后父母的话可能会会就,815,8,0,6,0,0.4748,0,模型风险概率0.2374低于判定阈值0.3，且系统自评不确定度较高，故未达中度及以上抑郁。,,,其实也没有什么的，就是有些时候莫名的就感觉就是有点难受或者说压抑的情绪吧，就是莫名。其妙的就感觉会有一点。 近来的感受的话就是可能因为白天上课，然后有些科目听的不是很懂，然后听着听着就想睡觉。然后晚上休息的时候，想到白天的一些事情，然后就会有点睡不着什么的，就会感到不太舒服，不太开心。 有吧？就是但是就是有一点点，他们有些时候会因为学习啊，然后由于就是那个那些学习嘛，然后就就可能会有点跟不上。然后然后呢，因为小学小学只有三个，然后初中就有了七个，然后就那后面就有点跟不上。 就是平时有些时候可能会因为一些学习啊学学的不是特别好，然后或者说跟不上一些情况，然后就是有点点担心，然后父母的话可能会会就是跟我说一些让我好好学习的一类话吧。然后我觉得在家里可能帮不上什么忙，就是你要经常会给父母添乱什么的，就是帮不到什么忙，反而还帮到忙。 带来的影响可能就是说嗯想要更加努力的去学习，可是嗯可能就是很有点难吧，有点难学懂。 在空余时间，我喜欢自己一个人画画，或者说和同学聊聊天呀，然后自己唱唱歌什么的，然后或者写写功课，打发打发时间。 我平时可能很容易遇到一些困难的事情，然后就是想放弃很难坚持下来，但是呢就是心里很矛盾吧。 就是嗯有一次是小学的一次吧，然后周末、周末，然后那时候比较贪玩，然后呢，就那就比较贪玩嘛，然后然后呢，和然后呢，那天是我爸当时是在外地工作，然后呢，就就就知道我爸那个工作的时候腿受伤了，然后我妈要去照顾他，然后就很难当时也就很难受嘛，然为当时比较很贪玩，然后也快到期末了，然后又自己又好好学习。父母为了不让，我知道不让我那个操心，他们就复编了一个理由，说让我好好去学，然后没有说是没有其他的。然后跟我说我爸爸的事， 可能就是我父母嗯给我的一些鼓励吧，就是经常会给我一些鼓励，然后我自己心里也在想，然后自己加油，好好加油，好好学习，然后考上一个好的初衷，然后完成自己的一些梦想啊什么的，或者一些自己定的小目标。,0.2374,0,True
J0042,1242,有最好的朋友，我已经数不清了，他们都很聪明。就是那个很聪明，反正他们他们就很聪啊，就比如我旁边这个于腾轩，他平时天天骚还跟我笑，我都不想跟他玩了，他好冲啊，操你妈月亮。 啊，没有什么秘诀，天天吃肥肉那个什么你就可以保持精良好的精神状态。 没有哦，我最近生活状态很不错啊。嗯呃我的朋友很好，而且我旁边还有个傻屌，我旁边还有个聪明哥，他天天骚扰我，所以说每天都很开心。呃，而且我近来的精神状态也不错。麦克阿瑟曾经说过，有个梁啊，我不知道，反正和那正很好就对了。 呃，我会我会呃，我会去打游戏。 哒哒哒哒哒哒哒哒哒哒哒，我喜欢呃，写作业 哒哒哒哒哒哒哒哒哒平静很平静。 要要要要要要要要,290,9,0,2,0,0.1791,0,模型风险概率0.0896远低于判定阈值0.3，且系统不确定度较低，故未达中度及以上抑郁。,,,有最好的朋友，我已经数不清了，他们都很聪明。就是那个很聪明，反正他们他们就很聪啊，就比如我旁边这个于腾轩，他平时天天骚还跟我笑，我都不想跟他玩了，他好冲啊，操你妈月亮。 啊，没有什么秘诀，天天吃肥肉那个什么你就可以保持精良好的精神状态。 没有哦，我最近生活状态很不错啊。嗯呃我的朋友很好，而且我旁边还有个傻屌，我旁边还有个聪明哥，他天天骚扰我，所以说每天都很开心。呃，而且我近来的精神状态也不错。麦克阿瑟曾经说过，有个梁啊，我不知道，反正和那正很好就对了。 呃，我会我会呃，我会去打游戏。 哒哒哒哒哒哒哒哒哒哒哒，我喜欢呃，写作业 哒哒哒哒哒哒哒哒哒平静很平静。 要要要要要要要要,0.0896,0,False
J0043,1072,常有吧。我操。 呃，不知道可能是我比较乐观吧嗯。 断我我也两个，我都喜欢打篮球开挖掘机。 有三个刘冰，小矮子，深秋裤、小黑棍。 和友人打打篮球，听听歌。 不可以么。念书压力比较大。 迷茫。,94,3,0,3,0,0.3474,0,模型风险概率0.1737低于判定阈值0.3，且不确定度中等、GAD-7未达焦虑阈值，综合未达到中度及以上抑郁。,,,常有吧。我操。 呃，不知道可能是我比较乐观吧嗯。 断我我也两个，我都喜欢打篮球开挖掘机。 有三个刘冰，小矮子，深秋裤、小黑棍。 和友人打打篮球，听听歌。 不可以么。念书压力比较大。 迷茫。,0.1737,0,True
J0044,854,大概是三四次吧，晚上睡眠的时候老是睡不着，然后呢也不知道在想什么，反正就很担忧。但是呢我适当了很放松，但是呢就是睡不着，会为那些念书而时间太紧，那些而烦恼。 你好，比如说今天的那个我们小组要写英语手抄报，我觉得这件事情很有趣，是小组的分工合作，但是我的同桌没有参与进来，就由于他是差生，然后呢就不他就不愿意参与进来，然后那个便利贴上写着写着一心有些不好的话，然后都被他们看见了。 呃，就是宿舍问题，人际关系不怎么好。那个宿舍长的话，那个宿舍阿姨是随机选的，就不会那么会管纪律。但是呢在宿舍生存中的话，还是宿舍生活还是挺可以适应的。就是作业平常的话会有一些多，然后呢，不过呢还是可以写完的。嗯，然后呢最,967,10,1,7,0,0.3498,1,模型风险概率0.8251远高于判定阈值0.3，虽有一定不确定度且GAD-7仅提示轻度焦虑，但综合仍支持中度及以上抑郁风险。,,,大概是三四次吧，晚上睡眠的时候老是睡不着，然后呢也不知道在想什么，反正就很担忧。但是呢我适当了很放松，但是呢就是睡不着，会为那些念书而时间太紧，那些而烦恼。 你好，比如说今天的那个我们小组要写英语手抄报，我觉得这件事情很有趣，是小组的分工合作，但是我的同桌没有参与进来，就由于他是差生，然后呢就不他就不愿意参与进来，然后那个便利贴上写着写着一心有些不好的话，然后都被他们看见了。 呃，就是宿舍问题，人际关系不怎么好。那个宿舍长的话，那个宿舍阿姨是随机选的，就不会那么会管纪律。但是呢在宿舍生存中的话，还是宿舍生活还是挺可以适应的。就是作业平常的话会有一些多，然后呢，不过呢还是可以写完的。嗯，然后呢最近遇到那些什么那些女生八卦，然后呢我又不喜欢很八卦，我感觉学校是过来念书的，而不是过来谈论那些八卦的。然后呢，如果谈论八卦的话，有一些人会造谣，然后呢使得某些人不开心的。 最近，最近心里也是有一点慌的。老师上课在抽人问题的话就是害怕不会不会的话，老师会在课上扣分什么的。然后呢，晚上的话休息的话很就是心里很慌，就是几乎睡不着，但是呢又想着明天要念书，到时候上课会犯困。 虽然说学习压力和生活，我现在是慢慢适应了学习情况的话，还好上课都有，认真听讲，都大概率听得懂，也会尝试了去辅导他人不会的题目，这让我感到了分享的快乐，但是在生活方面上的话，或者是时间安排上的话，还是要多加安排比较好。 因为他们男生总是看女生的腿，然后我之前的话就是穿短裤，现在的话是穿长裤的。 去世的话就是我每天和那一个好朋友一起吃饭，然后还一起上厕所。嗯，然后呢，他后来呢找了一个舍友的人，然后呢，就后来不怎么和我一起吃饭玩了。然后呢，我觉得那女的那个女生的话，我也尝试融入他们，但是就是融入不了。在宿舍问题的话，有个人他洗衣服特别慢，到十点多也没有洗完，就心里感觉有点影响到自己休息了。然后呢，和他说话的话也还有点费时间，就是说那种话的话很那个，但是呢我已经尝试让他改正洗衣服很慢的那个习惯，他现在差不多也改了。然。 给自己一些时间安排，然后给自己定个目标，向着什么方向前进。然后呢，为了哪一些人，然后来学习，但也不是为了那些人，而是为了自己能够更好更有成就学学习的。嗯，保给我的话就是自己的偶像，他成绩比较好。然后呢，我想和他考同一所同一所初中啊，不是高中。,0.8251,1,True
J0045,486,就是与同学们玩了玩一下，与同学们交流一下自己的意见。 我一般会自己出去运动，来帮我缓解，或者跟我同学一起倾诉和分享，让学友们帮我一起解决。 在空余时间，我喜欢看电视或者去户外活动，与同学们交流，或在线下，同学们一起出去玩，一起去逛街。 平静。 平常就是十分的和睦，一般不会吵架。我们平时是通过语言来沟通的，都是语气十分平稳，没有任何波动的。 亲友们对我很好，朋友跟我也相处的十分融洽，月考成绩也十分的在自己的预料之内。 没有。,213,9,0,3,0,0.0858,0,模型风险概率0.0429远低于判定阈值0.3，且自评不确定度低，GAD-7仅3分未达焦虑阈值，综合不支持中度及以上抑郁。,,,就是与同学们玩了玩一下，与同学们交流一下自己的意见。 我一般会自己出去运动，来帮我缓解，或者跟我同学一起倾诉和分享，让学友们帮我一起解决。 在空余时间，我喜欢看电视或者去户外活动，与同学们交流，或在线下，同学们一起出去玩，一起去逛街。 平静。 平常就是十分的和睦，一般不会吵架。我们平时是通过语言来沟通的，都是语气十分平稳，没有任何波动的。 亲友们对我很好，朋友跟我也相处的十分融洽，月考成绩也十分的在自己的预料之内。 没有。,0.0429,0,False
J0046,907,开心。 我会让自己放平心态，让自己有一颗乐观的心，并且努力学习转移自己的注意力。 我会让自己放平心态，鼓励自己，相信自己去听音乐、看书阅读。 我会去山上散步，会和家人一起看电视、喝茶、吃水果、吃饭，自己还会画画、念书阅读，每天都很开心，还会去吃自己想吃的 我身边并没有。 我喜欢画画。 最近心态很放松，没有焦虑和紧张,158,4,0,0,0,0.1047,0,模型风险概率0.0523远低于判定阈值0.3，且自评不确定度低、GAD-7为0，综合判断未达中度及以上抑郁。,,,开心。 我会让自己放平心态，让自己有一颗乐观的心，并且努力学习转移自己的注意力。 我会让自己放平心态，鼓励自己，相信自己去听音乐、看书阅读。 我会去山上散步，会和家人一起看电视、喝茶、吃水果、吃饭，自己还会画画、念书阅读，每天都很开心，还会去吃自己想吃的 我身边并没有。 我喜欢画画。 最近心态很放松，没有焦虑和紧张,0.0523,0,False
J0047,189,想一些乐观的事情，开心的事情，想想以前的朋友学友什么的。 啊呃如果我遇到这种情况的话，我会画画利用画画抽空一些画画时间来画画来解除自己的烦恼。在画画中的话，找到乐趣呃，转移注意力来消除自己的烦恼。 呃，比如说之前我在画画的时候是画一些坦克，后面呃受到一些呃一些人或和事情的影响，就我就不画了，就开始画一些人呢动漫人物了。 呃，画画画人的时候好难画呀，动漫人物的时候好难画呀，呃，明日房东多饮不会动啊，什么时候开播？ 呃，一般会在周末看一些书，将之前的那些书重新翻开来看一看。呃，我记得的话是在有一次周末，我和我和同学出去骑单车骑行，呃，从就骑了二十多公里。然后那一次是我也是与我和同学骑经骑的最远的一,459,11,1,3,0,0.4692,1,模型风险概率0.7654远高于判定阈值0.3，虽不确定度中等且GAD-7仅3分，但按系统判定标准已达到中度及以上抑郁风险。,,,想一些乐观的事情，开心的事情，想想以前的朋友学友什么的。 啊呃如果我遇到这种情况的话，我会画画利用画画抽空一些画画时间来画画来解除自己的烦恼。在画画中的话，找到乐趣呃，转移注意力来消除自己的烦恼。 呃，比如说之前我在画画的时候是画一些坦克，后面呃受到一些呃一些人或和事情的影响，就我就不画了，就开始画一些人呢动漫人物了。 呃，画画画人的时候好难画呀，动漫人物的时候好难画呀，呃，明日房东多饮不会动啊，什么时候开播？ 呃，一般会在周末看一些书，将之前的那些书重新翻开来看一看。呃，我记得的话是在有一次周末，我和我和同学出去骑单车骑行，呃，从就骑了二十多公里。然后那一次是我也是与我和同学骑经骑的最远的一次单车。 我直接说那个谁那个那个是呃班上有一位同学，因为呃谈恋爱失恋了，呃，产生了这种情绪就有点困扰他有时候会跟我说，然后让我帮他想一下办法什么的。 呃，与同窗发生一些矛盾，或班上有一些比较脾气暴躁的同学因一些小事而产生矛盾。 呃，最近的话是生活比较平静，呃，有时有点无聊，但也能在一些情况下遇到一些开心和快乐的事情。,0.7654,1,True
J0048,429,最有意义最有趣和最有意义的周末，那肯定就是我八个王者上到了王者十二星了哎。 阿诺不如不善其身嗯嗯，唯唯诺诺啊，不如独善其身的感到非常不错嗯。 嗯，明天要去劳改啊，监狱生活，两天学习五天劳改，这该死的学校 变成猴子荡来荡去，给僧人一个大嘴巴。 弱智的我嗯嗯这个沙雕啊，沙雕很适合我。 呃，这是人的问题，心态问题，好吧 呃，年轻人身体素质就是好，倒头就睡。 有的有的啊啊有的有的有的有的肯定有的啊。,197,5,0,1,0,0.2618,0,模型风险概率0.1309低于判定阈值0.3，且GAD-7仅1分，未提示中度及以上抑郁风险。,,,最有意义最有趣和最有意义的周末，那肯定就是我八个王者上到了王者十二星了哎。 阿诺不如不善其身嗯嗯，唯唯诺诺啊，不如独善其身的感到非常不错嗯。 嗯，明天要去劳改啊，监狱生活，两天学习五天劳改，这该死的学校 变成猴子荡来荡去，给僧人一个大嘴巴。 弱智的我嗯嗯这个沙雕啊，沙雕很适合我。 呃，这是人的问题，心态问题，好吧 呃，年轻人身体素质就是好，倒头就睡。 有的有的啊啊有的有的有的有的肯定有的啊。,0.1309,0,False
J0049,88,对下周的渴望和快乐。 呃，带来可以让我更大的进步。 呃，有一个是有一个我一直六年级到五年级的最好的伙伴，他经常和我一起在一起玩。呃，有一次他踢球踢不小心踢到一个踢到一个同窗的头上了。 暂时还没有，因为最近还没遇到这种情况。 呃，这一节读书压力最近相对来说比较大，但还可以，但还可以轻松解决。 一般都在画画，写点字。 呃，最近感到压力相对来说相对大，因为学习压力也不再增加。 嗯平静。,191,12,1,3,0,0.608,1,模型风险概率0.696超过判定阈值0.3，虽不确定度偏高且GAD-7仅提示轻度焦虑，但按系统判定标准已达到中度及以上抑郁风险。,,,对下周的渴望和快乐。 呃，带来可以让我更大的进步。 呃，有一个是有一个我一直六年级到五年级的最好的伙伴，他经常和我一起在一起玩。呃，有一次他踢球踢不小心踢到一个踢到一个同窗的头上了。 暂时还没有，因为最近还没遇到这种情况。 呃，这一节读书压力最近相对来说比较大，但还可以，但还可以轻松解决。 一般都在画画，写点字。 呃，最近感到压力相对来说相对大，因为学习压力也不再增加。 嗯平静。,0.696,1,False
J0050,274,没有。 就是考试成绩不理想。 就是嗯学习压力相对重，然后？ 就是有时候周末的时候，我嫂子会带着我两个侄子和我一起去华莱莫那边玩，我就觉得很开心吧，还会买奶茶那些的 嗯嗯学友之间的相互鼓励。 嗯听听歌聊聊天。 是就是家庭没什么事吧，嗯别别 就专心不下来,125,8,0,4,0,0.2976,0,模型风险概率0.1488低于判定阈值0.3，且不确定度中等、GAD-7仅4分未达焦虑阈值，综合未达中度及以上抑郁。,,,没有。 就是考试成绩不理想。 就是嗯学习压力相对重，然后？ 就是有时候周末的时候，我嫂子会带着我两个侄子和我一起去华莱莫那边玩，我就觉得很开心吧，还会买奶茶那些的 嗯嗯学友之间的相互鼓励。 嗯听听歌聊聊天。 是就是家庭没什么事吧，嗯别别 就专心不下来,0.1488,0,False
J0051,1227,看一看书。 我会放松身心，或者向周围的人嗯，请教一下方法。完了完了。 我感到呢是，会选择开心吧。 每天就是写一会儿作业压力也不是特别的大，还属于我能承受的范围之内，就是还挺不错的。 乐观开朗，不要沮丧，可以多找一些能让自己开心的事情去做。 没有的。 我一般会看看书写写作业，或者偶尔看一下电视。我认为最有趣的一次周末是那个。是北京地区县存的最古老的一座。去看了一个很有寓意的电影。,190,3,0,1,0,0.1511,0,模型风险概率0.0755远低于判定阈值0.3，且自评不确定度低、GAD-7焦虑分仅1分，综合判断未达中度及以上抑郁。,,,看一看书。 我会放松身心，或者向周围的人嗯，请教一下方法。完了完了。 我感到呢是，会选择开心吧。 每天就是写一会儿作业压力也不是特别的大，还属于我能承受的范围之内，就是还挺不错的。 乐观开朗，不要沮丧，可以多找一些能让自己开心的事情去做。 没有的。 我一般会看看书写写作业，或者偶尔看一下电视。我认为最有趣的一次周末是那个。是北京地区县存的最古老的一座。去看了一个很有寓意的电影。,0.0755,0,False
J0052,208,我不知道，没有。 开心。 翻唱k top歌和画画。 找心理师长。 跟友人一起出去玩。 近来月考成绩发下来了，还可以。 保持平静的心态。,67,8,0,1,0,0.1869,0,模型风险概率0.0934远低于判定阈值0.3，且自评不确定度较低，GAD-7焦虑分也仅1分，故未达中度及以上抑郁。,,,我不知道，没有。 开心。 翻唱k top歌和画画。 找心理师长。 跟友人一起出去玩。 近来月考成绩发下来了，还可以。 保持平静的心态。,0.0934,0,False
J0053,979,哦，学习学习压力吧。 我觉得和每个同学玩的都差不多吧，这个老问题开始了，但是好像没有几个比较特别好的朋友吧。 暂时没有 就是在学习或者生活上有一点点影响吧，当下也差不多吧，之前可能就会更难受一点。 哼可能就是和一些同学的关系不太好吧，然后再我也挺想回家的。 同学关系 你得回家，为什么 暂时没有吧。,149,9,0,4,0,0.3834,0,模型风险概率0.1917低于判定阈值0.3，且GAD-7仅4分未达焦虑阈值，综合判断未达到中度及以上抑郁。,,,哦，学习学习压力吧。 我觉得和每个同学玩的都差不多吧，这个老问题开始了，但是好像没有几个比较特别好的朋友吧。 暂时没有 就是在学习或者生活上有一点点影响吧，当下也差不多吧，之前可能就会更难受一点。 哼可能就是和一些同学的关系不太好吧，然后再我也挺想回家的。 同学关系 你得回家，为什么 暂时没有吧。,0.1917,0,True
J0054,880,我跟我朋友相处的关系非常好，然后舍房里的关系也是挺好的，就基本就没什么矛盾。 空余的时间的话，就比如说课间我会跟我的同窗打羽毛球，然后我会画些小漫画，画画，画人物之类的。 就是和同学生活就特别的愉快，然后生活也没什么压力，就是除了学习也挺快乐的 没有什么影响，但是会给我的生活带来一些不适应，影响的话，就是没有多大 有的，因为最近的学习比较繁忙，课程也比较拥挤，就是可能会产生一些压力。 有焦虑的情况。因为有时候语文背诵啊之类的功课没完成好，就会有这种很焦虑紧张的情况 我身边有这样的同学，他就是觉得他读书上有一些困难，然后上课也没有认真听之类的，就是作业的话就是没做好。我的话基本就没什么了 要保持,353,6,0,6,0,0.2101,0,模型风险概率0.105低于判定阈值0.3，且系统不确定度较低，综合判定未达中度及以上抑郁。,,,我跟我朋友相处的关系非常好，然后舍房里的关系也是挺好的，就基本就没什么矛盾。 空余的时间的话，就比如说课间我会跟我的同窗打羽毛球，然后我会画些小漫画，画画，画人物之类的。 就是和同学生活就特别的愉快，然后生活也没什么压力，就是除了学习也挺快乐的 没有什么影响，但是会给我的生活带来一些不适应，影响的话，就是没有多大 有的，因为最近的学习比较繁忙，课程也比较拥挤，就是可能会产生一些压力。 有焦虑的情况。因为有时候语文背诵啊之类的功课没完成好，就会有这种很焦虑紧张的情况 我身边有这样的同学，他就是觉得他读书上有一些困难，然后上课也没有认真听之类的，就是作业的话就是没做好。我的话基本就没什么了 要保持自己的心情，状态良好。不要动不动就对同学呀之类的发脾气，还有不要太烦躁之类的，就可以让自己保持活力和希望。,0.105,0,False
J0055,738,我一般都会先写完习题，再再再看电视，然后有时间会出去玩一下 没有吧。 就是每天每天、每天、每天，我觉得每天都是开开心的。 我觉得现在的学习生活状态很不错 开心。 听歌 我感到会看电视，然后听歌什么的。,100,5,0,2,0,0.1524,0,模型风险概率0.0762远低于判定阈值0.3，且自评不确定度低，GAD-7焦虑分也低，故未达中度及以上抑郁。,,,我一般都会先写完习题，再再再看电视，然后有时间会出去玩一下 没有吧。 就是每天每天、每天、每天，我觉得每天都是开开心的。 我觉得现在的学习生活状态很不错 开心。 听歌 我感到会看电视，然后听歌什么的。,0.0762,0,False
J0056,887,就是就是我我我爸爸妈经常吵架，他们关系不和睦，那就是准备要离婚了呀。然后而且我哥他很叛逆，就是他现在初三像不读书了一样，经常惹我妈生气，反正然后我们家现在也很穷了，很穷。然后我就跟我妈挤在一个房间里面 对，嗯，因为我之前喜欢唱歌跳舞画画那些的，然后因为点事情，然后哎反正就是那那啥。 压抑的就是家庭的情况，还有学习的学不上来，学习学不上来，然后又该让我懒呃走神什么的呃，差不多吧？ 嗯，觉得很像摆烂，然后带着愧疚感去做事一样很烦。 因为因初三的学习压力有点大，然后我初一、初二没有怎么认真听课，然后我现在学的很累，感到跟不上心慌的，就是这个。 就是因为家里的事情，还有数学学不懂，是然后然后跟不上，然,381,14,1,12,1,0.3116,1,模型风险概率0.8442远高于判定阈值0.3，且自评不确定度仅0.31，支持中度及以上抑郁风险判定。,,,就是就是我我我爸爸妈经常吵架，他们关系不和睦，那就是准备要离婚了呀。然后而且我哥他很叛逆，就是他现在初三像不读书了一样，经常惹我妈生气，反正然后我们家现在也很穷了，很穷。然后我就跟我妈挤在一个房间里面 对，嗯，因为我之前喜欢唱歌跳舞画画那些的，然后因为点事情，然后哎反正就是那那啥。 压抑的就是家庭的情况，还有学习的学不上来，学习学不上来，然后又该让我懒呃走神什么的呃，差不多吧？ 嗯，觉得很像摆烂，然后带着愧疚感去做事一样很烦。 因为因初三的学习压力有点大，然后我初一、初二没有怎么认真听课，然后我现在学的很累，感到跟不上心慌的，就是这个。 就是因为家里的事情，还有数学学不懂，是然后然后跟不上，然后然后考不知道考不考得上高中。 呃，秘诀就是好朋友，像温暖我世界里的小太阳。 都不要用，就是上课听不进去，不认真听课，然后觉得自己努力不了，就这一年了，赶不上了。,0.8442,1,True
J0057,1130,出门散心啊和朋友交流。 嗯，打球啊，开车啊，哦玩游戏就这样。 呃，非常威逼古德。 开心开心开心，天天开心 呃，出门运动玩游戏缓解好吗？ 没有没有没有都很好，都很好。 出去玩玩。,88,5,0,1,0,0.1316,0,模型风险概率0.0658远低于判定阈值0.3，且系统不确定度低、GAD-7焦虑分仅1分，综合不支持中度及以上抑郁。,,,出门散心啊和朋友交流。 嗯，打球啊，开车啊，哦玩游戏就这样。 呃，非常威逼古德。 开心开心开心，天天开心 呃，出门运动玩游戏缓解好吗？ 没有没有没有都很好，都很好。 出去玩玩。,0.0658,0,False
J0058,492,我不想和他们接触，但是他们对我很好，因他们根本不理解我，故不想跟他们接触。 困扰挺困扰挺大的，让我很烦。 不，我的心里说不上来，我不想让你知道，因为我不想跟我不熟的人说话，也不想跟我熟的人分享我心里的秘密。 我喜欢画画没了，我还会研究一些怎么把画画的更好看。 成绩不好，心理问题不想跟你说。 我不想告诉你。 似乎你有些不开心，可以告诉我发生了什么事情吗？我会顺心听从的。 你是嗯我没什么呀，嗯不想回忆。,201,15,1,10,1,0.4192,1,模型风险概率0.79远高于判定阈值0.3，虽自评不确定度中等且仅有焦虑量表信息，但按系统判定标准已达到中度及以上抑郁风险。,,,我不想和他们接触，但是他们对我很好，因他们根本不理解我，故不想跟他们接触。 困扰挺困扰挺大的，让我很烦。 不，我的心里说不上来，我不想让你知道，因为我不想跟我不熟的人说话，也不想跟我熟的人分享我心里的秘密。 我喜欢画画没了，我还会研究一些怎么把画画的更好看。 成绩不好，心理问题不想跟你说。 我不想告诉你。 似乎你有些不开心，可以告诉我发生了什么事情吗？我会顺心听从的。 你是嗯我没什么呀，嗯不想回忆。,0.7904,1,True
J0059,150,呃，我的话会听我的话，会听一些啊自己喜欢的音乐，或者说看你自己喜欢的书啊，做点运动什么的。 呃，我一般呢呃会做点作业，然后干点自己喜欢的事情啊，我觉得最有趣、最有意义的周末嘛，就是啊我的啊母亲带我出去玩去了，我最喜欢的地方玩，我觉得非常的快乐，非常的有意思。 呃，开心快乐，欢乐安稳，安顺。 呃，没有没有没有没有。 呃，老师都有信心啊，关照我啊，父母也经常跟我啊跟我聊天，有我感兴趣的东西，然后学友之间也会跟我一起进行读书，学习氛围十分不错。 呃，做点自己喜欢的事情吧，然后多出去啊走走出去玩，然后跟朋友一起聊天嘛，多和家人聊天。 呃，我喜欢听音院看视频，然后打游戏，或者说是看点书籍呀啊，看点有意义,318,3,0,0,0,0.1552,0,模型风险概率0.0776远低于判定阈值0.3，且不确定度低、GAD-7为0，综合不支持中度及以上抑郁。,,,呃，我的话会听我的话，会听一些啊自己喜欢的音乐，或者说看你自己喜欢的书啊，做点运动什么的。 呃，我一般呢呃会做点作业，然后干点自己喜欢的事情啊，我觉得最有趣、最有意义的周末嘛，就是啊我的啊母亲带我出去玩去了，我最喜欢的地方玩，我觉得非常的快乐，非常的有意思。 呃，开心快乐，欢乐安稳，安顺。 呃，没有没有没有没有。 呃，老师都有信心啊，关照我啊，父母也经常跟我啊跟我聊天，有我感兴趣的东西，然后学友之间也会跟我一起进行读书，学习氛围十分不错。 呃，做点自己喜欢的事情吧，然后多出去啊走走出去玩，然后跟朋友一起聊天嘛，多和家人聊天。 呃，我喜欢听音院看视频，然后打游戏，或者说是看点书籍呀啊，看点有意义的东西啊，看点新闻啊，做作业呀，这些,0.0776,0,False
J0060,732,就是最近看别人看的很不爽，看别人做什么事，感到很烦躁，对什么都会感觉烦躁。对学习有一点，然后跟那个人在了一起的时候，就之前说那个人这位非常失落啊，不想看到他。 测试的时候，这刚月考完考的好差，嗯，可以考前六十多名的，现在考了可能一百一百以后了，然后就非常糟糕。然后最近还有一些人有一个人都不理我，以前本来对他很好，然后很好的一个朋友现在都不理我，其实也不算朋友吧。 就是和一个人就是之前对他很好，然后面他就抛弃我这样子哦，家里有老二吵架，然后就很压抑，在校园也会失落难过。然后就一些人陪我的时候，我才会感觉心情好受点，一个人呆的时候就想哭。 呃，学习的时候投入不进去，注意力不能专注生活的时候容易反急,700,19,1,21,1,0.2135,1,模型风险概率0.8933远高于判定阈值0.3，且自评不确定度较低(0.2135)，支持达到中度及以上抑郁风险。,,,就是最近看别人看的很不爽，看别人做什么事，感到很烦躁，对什么都会感觉烦躁。对学习有一点，然后跟那个人在了一起的时候，就之前说那个人这位非常失落啊，不想看到他。 测试的时候，这刚月考完考的好差，嗯，可以考前六十多名的，现在考了可能一百一百以后了，然后就非常糟糕。然后最近还有一些人有一个人都不理我，以前本来对他很好，然后很好的一个朋友现在都不理我，其实也不算朋友吧。 就是和一个人就是之前对他很好，然后面他就抛弃我这样子哦，家里有老二吵架，然后就很压抑，在校园也会失落难过。然后就一些人陪我的时候，我才会感觉心情好受点，一个人呆的时候就想哭。 呃，学习的时候投入不进去，注意力不能专注生活的时候容易反急躁，然后跟爸妈吵架，然后有过想跳楼的心。 我还是就是以前学习非常主动，非常认真，特别投入。但是现在学习都没动力了，感觉什么都学不进去，要注意力不集中，上课听不进去。嗯，平常在外面玩的时候，可能以前非常喜欢玩，喜欢出去看风景看，然后玩一玩那些什么项目那些，但现在啥风景都不想看啥东西都不想玩，现在连小游戏都不想玩了。 就是爸妈老是吵架打架，然后我也容易暴躁急躁，然后跟妈妈吵架，跟妈妈吵架，然后什么事都不听他们的，然后总感觉他们就总感觉不能跟他们相处。我是喜欢来学校，平时不沟通。 就是每天心情非常低落，然后回家老是和妈妈吵架，就动不动，就会发脾气，就会大声吼我妈妈。但是感觉控制不住，然后每天见到那个某些朋友，某个人的时候就会感到非常愤怒，然后这很悲伤嘛，舍不得。 家里爸妈老是吵架，过得很压抑。在学校成绩老是考不好，非常伤心。然后跟一些人 每天都有，因为同学和家长还有一些有关系的人，但不是很想说。,0.8933,1,False
J0061,617,让我引上黄色了，想去嫖娼，就是因为你禁言。 然后不想告诉你， 因我们班有个叫李建的傻逼，说他天天在在导管，特别的厉害呀，我他天天在你导管，还有个偏勺黄色 点开不良网站，观看一些不良信息 一天一发 导管 有啊有啊，不想分享。 没有,114,11,1,7,0,0.548,1,模型风险概率0.726超过判定阈值0.3，虽不确定度中等且GAD-7仅提示轻度焦虑，但按系统判定标准已达到中度及以上抑郁风险。,,,让我引上黄色了，想去嫖娼，就是因为你禁言。 然后不想告诉你， 因我们班有个叫李建的傻逼，说他天天在在导管，特别的厉害呀，我他天天在你导管，还有个偏勺黄色 点开不良网站，观看一些不良信息 一天一发 导管 有啊有啊，不想分享。 没有,0.726,1,True
J0062,1142,应该没有太多吧，我也不清楚，应该是长期积累导致的。我只是最近感到干什么事都没有感觉，就像很麻木地去做这件事的感觉，就这样子过去了吧，就感觉这一节就必须做的普通很频繁，很频繁，就这样子过去了，很麻木。就说做每个事情都已经固定好那种，每次都是这样子的，好像没什么特别的事情，就是突然感觉很难受啦。 嗯，我本来也没有什么喜欢做的事情啦。但如果说的话，就是有时候写那个书，以前写的。好吧，以前写的也也就是，也是比较悲伤的，现在写的也是比较悲伤的，那些觉得吹笛子也是个非常有趣的事情。然后他们然后各种怎么吹的，觉得不好听，还是什么原因就觉得不好，然后就不会吹了，现在都已经放那里放了好久都很多落灰了，反正我觉得,1483,17,1,12,1,0.2486,1,模型抑郁风险概率0.8757远高于判定阈值0.3，且自评不确定度较低（0.2486），支持达到中度及以上抑郁。,,,应该没有太多吧，我也不清楚，应该是长期积累导致的。我只是最近感到干什么事都没有感觉，就像很麻木地去做这件事的感觉，就这样子过去了吧，就感觉这一节就必须做的普通很频繁，很频繁，就这样子过去了，很麻木。就说做每个事情都已经固定好那种，每次都是这样子的，好像没什么特别的事情，就是突然感觉很难受啦。 嗯，我本来也没有什么喜欢做的事情啦。但如果说的话，就是有时候写那个书，以前写的。好吧，以前写的也也就是，也是比较悲伤的，现在写的也是比较悲伤的，那些觉得吹笛子也是个非常有趣的事情。然后他们然后各种怎么吹的，觉得不好听，还是什么原因就觉得不好，然后就不会吹了，现在都已经放那里放了好久都很多落灰了，反正我觉得我没有什么兴趣爱好。 我一般啊都因为家人要出去工作，我和我弟就在家里面待着。如果他拿到遥控器的话，就看一天电视。然后我呢就在房间里待着，我也不愿意出门，就想着待到一个只有我一个人的地方，让没有别人看到的地方，然后干自己的事情。虽然也不知道干了什么事情，一般都这样，对吧？最有趣的事情就应该就是出去，出去玩，或者一家人一起看电影，或者一家人做，做一个，做一份菜。或者自己为他们做份菜，有成就感来着吧。应该也就这些。呃，我也不，就我希望，呃就我希望他们可以带我去爬那些有趣的，爬都是爬，就是些，我也不知道怎么说。就出去玩，多拍两张照片。 没有啊，但我就是觉得很难受，就是这种状态很难形容，很难形容这种状态哒。 感受的话，我晚上睡觉的时候，总觉得外界的音响有点吵，是很吵，然后总是睡不着。然后心里面没有想什么东西，然后就是睡不着觉，反正就是很烦。然后就动不动就抠咬手什么之类的。然后就有时候想要莫名其妙的，也没有什么其妙的。就想，额，我也不知道怎么说，昨天晚上还有点头晕，但也还好吧。但我我手表我戴的手表是能监控睡眠的。然后每次去看的时候，那个深睡睡眠的程度都比较小，都只有百分之五的，大部分都略微少。我都警告了好多次了，但我也不知道怎么改，可能是因为我运动过少的原因吧。呃，应该就只有这些，我不喜欢活动。 我不清楚，但是有时候就是会莫名地觉得很难受吧。额，有可能是因为我个人状态的原因吧。我周围在，在宿舍好像都觉得挺孤独的，但也还好吧，毕竟我这个性格的人就是这样的啦。额，我也不知道说什么，反正觉得自己总是一个人的感觉，好像都不太懂他们的感觉。他们笑的时候，我会跟着笑，但我不知道为什么会笑，也就这样，好像也我也不知道说什么哎。 影响，就是感到很消极吧，就是说有时候干什么都提不起兴趣，但是我又不得不做。比如吃饭吧，吃饭东西你要吃吧，不然它会饿。但是你吃起来也就，也就那么多。如果你不如果让我自己盛饭的话，每次都盛那么一点。如果他们盛的话，就觉得要吃完才好，也不能浪费。所以呢要做什么就做什么吧，也就那样子啦，那就是必须，就是必须得做，但又不得不做算了。 呃，大概是每天早上起来的时候，总觉得世界要毁灭了。对我总想要世界都是毁灭掉的那种感觉。有时候晚上也有一点，有时候写作业的时候，也莫名其妙的想要伤害自己。嗯，有时候我也不知道为什么，就想把那些伤口弄大一点，弄出血那一种，也还好吧。 我觉得伤害自己可以让我快乐诶，不知道为什么。就是一个很小的伤口，把它弄得大儿。然后可能喜欢撩得大儿那种感到，就感觉很舒服。不知道为什么，可能有我有病吧，或者是有可能也是受到了一些小说上面的影响。我不喜欢运动。运动，他们说活动好啊，但是我觉得他们好啊。但我觉得我没什么兴趣爱好，我觉得我好差劲，但我也不知道为什么会有感觉。我感觉他们都对他们都对我很好，但为什么还那种感觉呢？真的好奇怪。,0.8757,1,False
J0063,1062,在新学校有交到朋友。 几天一次。 自己和自己玩，然后自己唱一下歌。 做一些自己喜欢做的事。 你那个没有太大影响。 四个是我上学期的朋友。 睡眠不好 学习压力大，在新学校没有交到好友人。,92,13,1,8,0,0.5705,1,模型风险概率0.7148远高于判定阈值0.3，虽不确定度偏高且GAD-7仅反映焦虑，但综合仍支持中度及以上抑郁风险。,,,在新学校有交到朋友。 几天一次。 自己和自己玩，然后自己唱一下歌。 做一些自己喜欢做的事。 你那个没有太大影响。 四个是我上学期的朋友。 睡眠不好 学习压力大，在新学校没有交到好友人。,0.7148,1,True
J0064,364,呃，相处模式很和谐，就像跟朋友之间一样，相处没有任何交遇，呃，跟父母交流起来很安，感觉到很心安，没有任何焦虑。父母对我对我学习不对，对我学习状态没有给予过多的压抑，都是心平气和。 画画跑画画幼狗和狗玩，还有陪和弟弟打架啊，不是呸和弟弟相处感冒。 从昨天开始，因为啊因听车成绩不及格。 睡眠不好，睡眠不好呃，其他问题很少，坐立难安。是因为近期请假的原因，最近请假，因为笔记没补上，因此有点有点担心学习跟不上。 回家一看到一条狗在我面前乱窜，而且喜欢扑扑人。呃，平常也会呃兄弟姐妹也会逗我开心，父母也不会给予过高的压力，还会安慰我，陪我一起玩，这这让我觉得生活充满了回忆和希望。没平常在家里面没有任何人给,448,8,0,2,0,0.2545,0,模型风险概率0.1272低于判定阈值0.3，且不确定度较低，综合判定未达中度及以上抑郁。,,,呃，相处模式很和谐，就像跟朋友之间一样，相处没有任何交遇，呃，跟父母交流起来很安，感觉到很心安，没有任何焦虑。父母对我对我学习不对，对我学习状态没有给予过多的压抑，都是心平气和。 画画跑画画幼狗和狗玩，还有陪和弟弟打架啊，不是呸和弟弟相处感冒。 从昨天开始，因为啊因听车成绩不及格。 睡眠不好，睡眠不好呃，其他问题很少，坐立难安。是因为近期请假的原因，最近请假，因为笔记没补上，因此有点有点担心学习跟不上。 回家一看到一条狗在我面前乱窜，而且喜欢扑扑人。呃，平常也会呃兄弟姐妹也会逗我开心，父母也不会给予过高的压力，还会安慰我，陪我一起玩，这这让我觉得生活充满了回忆和希望。没平常在家里面没有任何人给予我任何的压力，所以我很开心。 呃，每天早上起床定时刷牙，定时起定，定定时起来看书，然后早上八点多去跑步，跑完之后回就回家，一整天坐着有空就看一看书。如果没空的话，就和同就和同学聊聊天，和和兄弟姐妹们玩玩游戏。 焦虑不安。 呃，我我的生活比较平静，平静开心，呃，平常还是像机械一样机械徒步的生活。,0.1272,0,False
J0065,783,无聊。 时常去医院啊。 玩游戏。 没有什么影响。 玩游戏。 没有。 不能。,37,13,1,5,0,0.8868,1,模型风险概率0.5566超过判定阈值0.3，虽不确定度较高且GAD-7仅提示轻度焦虑，但按系统判定标准仍达到中度及以上抑郁风险。,,,无聊。 时常去医院啊。 玩游戏。 没有什么影响。 玩游戏。 没有。 不能。,0.5566,1,False
J0066,595,就是作业太多了，让我感到很烦躁，我不想写那么多功课，然后呢就没了。 就是我觉得学校作业太多了，然后呢，早上又是六点六点五十，早上又是五点多起床，没有时间休息。 就是学校作业太多了。 找找到妓女了啊，去去去去去警务室玩，抓到妓女了，去警务室玩，抓到妓女了，很开心。 学校作业太多了，然后能少一点点作业，根本没有时间休息。 就是好好好好开心，好好想一些开心的事情，还有结合自己的理想就可以了。 学校作业太多了，导致我的心情复杂，我想好，我想好好休息一下，留那么多作业。,232,12,1,9,0,0.5068,1,模型风险概率0.7466远高于判定阈值0.3，虽不确定度中等且GAD-7仅反映焦虑，但综合仍支持中度及以上抑郁风险。,,,就是作业太多了，让我感到很烦躁，我不想写那么多功课，然后呢就没了。 就是我觉得学校作业太多了，然后呢，早上又是六点六点五十，早上又是五点多起床，没有时间休息。 就是学校作业太多了。 找找到妓女了啊，去去去去去警务室玩，抓到妓女了，去警务室玩，抓到妓女了，很开心。 学校作业太多了，然后能少一点点作业，根本没有时间休息。 就是好好好好开心，好好想一些开心的事情，还有结合自己的理想就可以了。 学校作业太多了，导致我的心情复杂，我想好，我想好好休息一下，留那么多作业。,0.7466,1,True
J0067,166,啊，呃我我觉得没有秘诀，我我无法描述出来。 呃，我会选择平静。 啊，我我觉得受到的影响啊，就是之前我爸我爸妈他回老家，回老家的时候，我我爸回老家的时候，就只有我妈一个人在店里面看得见。那那那时候我就很期望我爸妈回来，我爸爸会快点回来，啊啊，因为我我妈我妈干的活要很多，而且又，又没有什么。然后到现在我，我啊我觉我感觉我我觉得爸爸回去一趟，也不容易，是因为爷爷生病了。所以我现在很体谅爸爸，之前不体谅。 我个人认为没有。 啊，我觉得可以，我觉得近来的学习状态很好，一般般，呃就是忘的有点快，没有了。 可以，我觉得，呃睡觉的时候，老是想今天的课程睡不着觉，很容易被吵醒。还有，啊，下课的时候老是背书又容易,588,5,0,0,0,0.3749,0,模型风险概率0.1874低于判定阈值0.3，且系统自评不确定度中等，综合判断未达到中度及以上抑郁。,,,啊，呃我我觉得没有秘诀，我我无法描述出来。 呃，我会选择平静。 啊，我我觉得受到的影响啊，就是之前我爸我爸妈他回老家，回老家的时候，我我爸回老家的时候，就只有我妈一个人在店里面看得见。那那那时候我就很期望我爸妈回来，我爸爸会快点回来，啊啊，因为我我妈我妈干的活要很多，而且又，又没有什么。然后到现在我，我啊我觉我感觉我我觉得爸爸回去一趟，也不容易，是因为爷爷生病了。所以我现在很体谅爸爸，之前不体谅。 我个人认为没有。 啊，我觉得可以，我觉得近来的学习状态很好，一般般，呃就是忘的有点快，没有了。 可以，我觉得，呃睡觉的时候，老是想今天的课程睡不着觉，很容易被吵醒。还有，啊，下课的时候老是背书又容易忘记，没有了，谢谢你。 呃，学习的话比较勤奋，然后生活的话就是啊，睡眠有点难，就难，有点难入睡。但是我呃我这一周考完试后就啊，就考完试啊，考完试的这附，左右都不会这样子。 呃，我们平时的相处方式就是，呃，到呃，星期六早上我妈会叫我起床，然后叫我给我煮好早餐。如果没有给我煮，就叫我下去店里面吃，然后顺便叫我把作业写完了。嗯，中午的时候就吃吃吃饭，然后吃完饭写一下作业，然后玩，然后就看一下短视频，然后，晚晚上的话，晚上的话就我妈会早一点叫我回去睡觉啊，并提醒我要，不饿了，要饿了，要去买东西吃，还还有我回到家也会的时候会跟我爸妈说说我这个星期在学校的状态以及遇到的困难和事情。,0.1874,0,True
J0068,1061,感觉特别的烦，然后有点心浮气躁的，有点失眠 我喜欢画画，然后写点小说，然后去看书。 没有 感觉大脑特别乱，然后觉得生活没有希望，没有目标 感觉之前小学时候的伙伴都跟我不是玩的太好了，现在的伙伴也不是很熟，感到有点难过。 感觉这里心里堵的慌，然后感觉不舒服，有点失眠，压力有点大，经常想着期中考试的事。 就是可能说是信仰的关系吧，我比较喜欢的东西都可以成为我的信仰，所以让我一直保持活力和希望。 我觉得最有意义的周末是跟爸爸妈妈出去玩的时候，然后我们一起去钓鱼，我觉得当时很开心，很放松。,243,14,1,10,1,0.3933,1,模型风险概率0.8033远高于判定阈值0.3，虽不确定度中等且仅有焦虑量表信息，但综合判定达到中度及以上抑郁风险。,,,感觉特别的烦，然后有点心浮气躁的，有点失眠 我喜欢画画，然后写点小说，然后去看书。 没有 感觉大脑特别乱，然后觉得生活没有希望，没有目标 感觉之前小学时候的伙伴都跟我不是玩的太好了，现在的伙伴也不是很熟，感到有点难过。 感觉这里心里堵的慌，然后感觉不舒服，有点失眠，压力有点大，经常想着期中考试的事。 就是可能说是信仰的关系吧，我比较喜欢的东西都可以成为我的信仰，所以让我一直保持活力和希望。 我觉得最有意义的周末是跟爸爸妈妈出去玩的时候，然后我们一起去钓鱼，我觉得当时很开心，很放松。,0.8033,1,True
J0069,1129,和同学吵架，互相冷战，让我很伤心。 很烦躁。 嗯嗯，每天生活也很开心，过得很充实。 近期，晚上总是失眠，睡不着觉。 我有两个好朋友，他这天早上刚摔了一跤。 上学让我感到烦躁。我每天要早起，晚上九点才放学，让我感到心情很烦躁，很不愉快。 每天晚上都很心情绪低落。每天晚上都很情绪低落，很伤心。 打游戏，我喜欢打游戏，或者或者放空自己，听听音乐或者发呆。,175,24,1,11,1,0.6011,1,模型风险概率0.6995远高于判定阈值0.3，虽不确定度偏高且仅有焦虑量表信息，但按系统判定标准已达到中度及以上抑郁风险。,,,和同学吵架，互相冷战，让我很伤心。 很烦躁。 嗯嗯，每天生活也很开心，过得很充实。 近期，晚上总是失眠，睡不着觉。 我有两个好朋友，他这天早上刚摔了一跤。 上学让我感到烦躁。我每天要早起，晚上九点才放学，让我感到心情很烦躁，很不愉快。 每天晚上都很心情绪低落。每天晚上都很情绪低落，很伤心。 打游戏，我喜欢打游戏，或者或者放空自己，听听音乐或者发呆。,0.6995,1,False
J0070,1074,嗯嗯嗯，跟他们相处不大好吧？呃，我爸爸就是很早在我小学的时候就去世了。然后就就是跟我妈妈就是时常吵架，然后我奶奶也就是常常骂我，然后然后就经常唠叨我之类的。然后我奶奶就是经常会因为我爸爸，然后就是经常哭，然后呢就给我带来了一些负面影响，然后我也挺讨厌我妹妹的，因为感觉就是我妹妹就是那种不学无术，然后那就然后跟我是双胞胎，然后他就比较是那种不学无术的，但是呢我成绩也没有特别好，就是中游一般吧，然后就很讨厌，然后他们就都把他们就都把那个希望寄托在我身上，然后就感觉压力很大。 嗯，呃没有很就是偶尔吧也没有很频繁。呃，就是可能就是跟朋友或者学习压力这些，然后上堂也经常会想一些这种东西，然后自己成绩不好,1110,13,1,2,0,0.246,1,模型风险概率0.877远高于判定阈值0.3，且自评不确定度较低，支持中度及以上抑郁风险判定。,,,嗯嗯嗯，跟他们相处不大好吧？呃，我爸爸就是很早在我小学的时候就去世了。然后就就是跟我妈妈就是时常吵架，然后我奶奶也就是常常骂我，然后然后就经常唠叨我之类的。然后我奶奶就是经常会因为我爸爸，然后就是经常哭，然后呢就给我带来了一些负面影响，然后我也挺讨厌我妹妹的，因为感觉就是我妹妹就是那种不学无术，然后那就然后跟我是双胞胎，然后他就比较是那种不学无术的，但是呢我成绩也没有特别好，就是中游一般吧，然后就很讨厌，然后他们就都把他们就都把那个希望寄托在我身上，然后就感觉压力很大。 嗯，呃没有很就是偶尔吧也没有很频繁。呃，就是可能就是跟朋友或者学习压力这些，然后上堂也经常会想一些这种东西，然后自己成绩不好，然后很怕考不上高中，由于成绩比较一般般比较中等，然后就感觉就不太喜欢，然后就很低落。然后呢，就是自己的爱好，也不被家人认可，然后就是很就是抗拒我的爱好之类的。 呃，跟跟朋友就是闹了矛盾吧，然后然后跟家人也相处不太好，然后学习成绩也没有考的很好之类的。然后就是自己喜欢的动漫人物也是也被做这些事，然后就很讨厌很遗憾，然后经常会想到一些不好的事情，然后然后就会比较难过，然后就好了。那个然后我现在嗯然后就是成绩也不太理想。然后由于自己喜欢那些动漫人物，然后就是感觉他们就是没有人，没有人，就是感觉没有人懂我之类的，然后对我喜欢动漫人物，也是嗤之以鼻。然后也就是常常听到有人在背后骂我之类的，然后就很很讨厌。 就是嗯比较喜欢，就是比较喜欢动漫人物，然后他们越抨击我，然后我就更想就是跟动漫，我喜欢动漫人物在一起，然后然后就是然后就是更小，然后他越他每越鄙夷我的动漫人物，然后我就越生气，然后就是会越去喜欢。然后如果说他然后如果如果呃他们就是不让我去喜欢，我也越来越想，我也就就更想去喜欢，然后对动漫人物寄托了一种别样心情吧。 其实呢我觉得呃嗯很难评啊。呃，就是身边的朋友都比我成绩都比我比较好，然后呢就觉得压力很大，然后就家里面又只有我妈妈一个人，然后就是压力比较大，然后他就是经济压力比较大，然后可能如果说高中考不上呃，考不上公办的话，可能就是读不了了，就只能出去打工了。呃，如果能考上公办的话，那肯定是最好的。然后跟朋友就是也有一些矛盾，然后就是这样。 嗯，最近总是感觉很烦吧。 嗯，就嗯就是亲戚经常就是在我面前就说我的不是，然后说我的穿衣风格，然后还有就是跟跟好朋友，就是有了矛盾，然后就闹掰了。然后然后就是呃还有就是经常PUA我跟我说假面干嘛干嘛，然后就很讨厌吧。鸡毛蒜皮的小事物。 可能上课呃，听讲不会很认真吧。然后然后上课听讲不认真，然后成绩一落千丈，然后没对上课，然后生活吃吃不好吧，想到这件事就没有吃饭心情。,0.877,1,False
J0071,733,在学校遇到这种情绪类的情况，我们可以寻求教师的帮助和同学的安慰。在解决问题后，与家长倾诉自己的烦恼，并且解决问题。我的方法是这样子。 在校园生活当中，遇到过一些纠纷与呃朋友之间的过节。但是经过老师合理友善的调解，以及有趣的学习。校园生活可以让学生们健康的成长。因此，我感到学校的生活异常有趣，念书氛围也轻松愉悦。 我和家人的相处模式比较处于像兄妹阶段的相处模式，比较友好沟通且互相理解。我觉得这是一种很好的家庭氛围。 在空余时间，我喜欢用我的小画本在上面涂改涂鸦完成自己的创作思想。以此有时候还会做一些数学题，数学题，让我感受到思维的跳跃，让我感到很放松。 与朋友分享开心的事情，上课积极回答老师的问,420,11,1,4,0,0.6061,1,模型风险概率0.6969远高于判定阈值0.3，虽不确定度偏高且GAD-7仅4分，但按系统判定标准已达到中度及以上抑郁风险。,,,在学校遇到这种情绪类的情况，我们可以寻求教师的帮助和同学的安慰。在解决问题后，与家长倾诉自己的烦恼，并且解决问题。我的方法是这样子。 在校园生活当中，遇到过一些纠纷与呃朋友之间的过节。但是经过老师合理友善的调解，以及有趣的学习。校园生活可以让学生们健康的成长。因此，我感到学校的生活异常有趣，念书氛围也轻松愉悦。 我和家人的相处模式比较处于像兄妹阶段的相处模式，比较友好沟通且互相理解。我觉得这是一种很好的家庭氛围。 在空余时间，我喜欢用我的小画本在上面涂改涂鸦完成自己的创作思想。以此有时候还会做一些数学题，数学题，让我感受到思维的跳跃，让我感到很放松。 与朋友分享开心的事情，上课积极回答老师的问题，会让我很有成就感。与伙伴分享呢会让我保持活力和希望，在新的知识里徘徊，会让我感受到未来的风景。 开心，平静活跃。 不存在处于这种状态的同学和朋友、同学和朋友处于健康良好的相处模式，使大家处于轻松快乐的学习氛围当中，友谊关键部位十分和谐。,0.6969,1,False
J0072,764,我一般有时候一个人待在家里，有时候又出去和朋友一起朋友约我的话，我就会跟他们一起出去玩。但是很少，我一般周末都在都在家庭度过看手机，看刷视频，挺开心的。 最近就是过得很好。 没有 就是会感觉到嗯生活中就很无聊。然后学习的话还好，就还是想努力一下的。生生活的话还是有一些就感觉没有太大的兴趣了。 就是月考的话成绩，然后感觉他们都考得很好。然后我考的很差，然后就会心里有些难受，落差会很大。而且我还不知道怎么念书，学习方法不知道怎么搞，所以就很很麻烦，也很难过。因为他们都知道自己该怎么学，我不知道，我很迷茫。他们都知道自己要考哪里，我不知道。 近来因为考试，然后担心考不好，所以心里很慌，状态的话，确实,395,8,0,4,0,0.6261,1,模型风险概率0.3131已超过判定阈值0.3，虽不确定度较高且GAD-7仅4分，但按系统阈值应判为中度及以上抑郁风险。,,,我一般有时候一个人待在家里，有时候又出去和朋友一起朋友约我的话，我就会跟他们一起出去玩。但是很少，我一般周末都在都在家庭度过看手机，看刷视频，挺开心的。 最近就是过得很好。 没有 就是会感觉到嗯生活中就很无聊。然后学习的话还好，就还是想努力一下的。生生活的话还是有一些就感觉没有太大的兴趣了。 就是月考的话成绩，然后感觉他们都考得很好。然后我考的很差，然后就会心里有些难受，落差会很大。而且我还不知道怎么念书，学习方法不知道怎么搞，所以就很很麻烦，也很难过。因为他们都知道自己该怎么学，我不知道，我很迷茫。他们都知道自己要考哪里，我不知道。 近来因为考试，然后担心考不好，所以心里很慌，状态的话，确实比之前都要更加的焦虑一下。 我比较喜欢看手机。 其实没有什么不愉快的事情，主要是有两堂数学课，我没有听到，然后就很伤心，而且我的语文还没有背好，然后成绩就会考的很差，而且我别的书也没有这么好,0.3131,1,False
J0073,304,和我妈吵架，之前吵，目前继续吵 月考一点都没准备啊，月考一点都没有准备，完了之后跟我妈吵架，好烦哦。 几乎每天几乎是每天。 不可以 都不愉快了，我讲啥嘞？ 要么不聊天，要么不相处，一聊一相处，一沟通就是吵架。 我可以选择不说吗？ 我觉得我如果知道的话，我就不会来问你了,134,21,1,13,1,0.5121,1,模型风险概率0.744远高于判定阈值0.3，虽不确定度中等且仅有焦虑量表信息，但按系统判定标准已达到中度及以上抑郁风险。,,,和我妈吵架，之前吵，目前继续吵 月考一点都没准备啊，月考一点都没有准备，完了之后跟我妈吵架，好烦哦。 几乎每天几乎是每天。 不可以 都不愉快了，我讲啥嘞？ 要么不聊天，要么不相处，一聊一相处，一沟通就是吵架。 我可以选择不说吗？ 我觉得我如果知道的话，我就不会来问你了,0.744,1,True
J0074,893,第一个是在宿舍里，有时候可能动作有点慢，其他同学都已经搞好了。然后有些同学就会说说我搞得有点太慢了，或者有时候呃有一些地方没做好，也有些舍友会被说。然后今天早上不小心被柜子的手给就是手被柜子的那个边边角角给划破了。然后呢，我走的时候忘记倒宿舍里的垃圾了。呃，然后呢，本来还有三个舍友都是在宿舍里面的。我当时划破了，本来就是没有去吃早餐，直接跑去医务室，医务室也是没有开门，就在教室里小小的心理下伤口，结果有个同学又跑回来，叫我回去倒，他们就是没有帮帮我倒一下什么的。然后呢，我就是还得回去再倒一遍，我感到他们要是可以就是再帮我倒一下之类的，我觉得就挺好的，呃，可能是人缘也不太好。 我有一个特别好的朋,735,4,0,5,0,0.259,0,模型风险概率0.1295低于判定阈值0.3，且自评不确定度较低，综合判定未达到中度及以上抑郁。,,,第一个是在宿舍里，有时候可能动作有点慢，其他同学都已经搞好了。然后有些同学就会说说我搞得有点太慢了，或者有时候呃有一些地方没做好，也有些舍友会被说。然后今天早上不小心被柜子的手给就是手被柜子的那个边边角角给划破了。然后呢，我走的时候忘记倒宿舍里的垃圾了。呃，然后呢，本来还有三个舍友都是在宿舍里面的。我当时划破了，本来就是没有去吃早餐，直接跑去医务室，医务室也是没有开门，就在教室里小小的心理下伤口，结果有个同学又跑回来，叫我回去倒，他们就是没有帮帮我倒一下什么的。然后呢，我就是还得回去再倒一遍，我感到他们要是可以就是再帮我倒一下之类的，我觉得就挺好的，呃，可能是人缘也不太好。 我有一个特别好的朋友，堪称为闺蜜。我和她以前跟她一起逛过街，我们两个在一起，反正就是无话不谈的那一种。我呃我也很想跟她做一辈子的朋友。 在寝室遇到了一些烦恼呃，和宿舍里的同学可能相处的不是太好。 我成绩是稍微比较好的那种，呃，然后在班里也是当了三个课代表，呃，目前的话就成绩就是能让我稍微满足一点，而是人缘可能就不是很好。 呃，大概就只在前两天，其他时间和舍友相处的都挺好，就是呃其他没有什么大问题。 呃，就是在宿舍的话，和同学有一些闹翻了，然后宿舍长就是又制定了十分严厉的规则。比如说床头不能摆放东西，然后呢有一次我就摆放了一个睡衣，他就罚我罚了我倒一天垃圾之类的。然而呃我我其实的话，宿管它表明其实睡衣是可以放到床头的。 我的兴趣爱好比较多吧，也算是一个有点属于宝藏的女孩之类的。我就是爱做手账，爱做手工，爱画画，热爱做粘土，然后热爱做古卡，这些我都挺爱的。每次一做这些东西，我都是花花一个小时左右的。我一般周末只要有空闲，我都会做它这些东西。 我觉得我会找好朋友家长或者老师去诉说。,0.1295,0,False
J0075,1247,嗯，我特别讨厌我现在这个学校，我这学校怎么说呢？他这个这一个这个学校嗯，大概是因为那个什么就是学校学校吧，他总是有一些我感觉不好的事情吧，但是这些就不多说了吧，嗯，拜拜。 国庆期间呢，国庆期间嗯那就是国庆期间就是本来都是一个很开心的节日嘛，然后都是大家都是吃吃玩玩，开开心心的嘛。不过我爸他们就是就是要把手机啊什么东西没收啊，然后不给我们玩，就数他们自己都在那玩手机打麻将什么的。然后我在那里我不可能就是怎么说呢？你在那里写作业，我觉得特别无聊嘛。然后就是老家的电视又不是很好看，然后还有个很小的弟弟，也要看那个电视，那我就拿手机玩会呗，但是父亲母亲又不给，就很烦，很讨厌父母收手机这件事情，然后后面,1328,22,1,17,1,0.2478,1,模型风险概率0.8761远高于判定阈值0.3，且自评不确定度较低(0.2478)，支持达到中度及以上抑郁风险。,,,嗯，我特别讨厌我现在这个学校，我这学校怎么说呢？他这个这一个这个学校嗯，大概是因为那个什么就是学校学校吧，他总是有一些我感觉不好的事情吧，但是这些就不多说了吧，嗯，拜拜。 国庆期间呢，国庆期间嗯那就是国庆期间就是本来都是一个很开心的节日嘛，然后都是大家都是吃吃玩玩，开开心心的嘛。不过我爸他们就是就是要把手机啊什么东西没收啊，然后不给我们玩，就数他们自己都在那玩手机打麻将什么的。然后我在那里我不可能就是怎么说呢？你在那里写作业，我觉得特别无聊嘛。然后就是老家的电视又不是很好看，然后还有个很小的弟弟，也要看那个电视，那我就拿手机玩会呗，但是父亲母亲又不给，就很烦，很讨厌父母收手机这件事情，然后后面呃因为玩手机又给他们骂了，又给他们说了什么的啊，就感到特别不舒服。 让我感觉更加烦躁，不安，还有注意注意力不集中吧。 嗯，他们总是在饭桌上，一般都是在饭桌上跟我们聊天，跟我聊天，但是总是聊着聊着就聊到我学习什么的。本来想跟他们分享一些周末，呃，就上课时那些好玩有趣的事情，但是他们总是绕来绕去，就觉得就觉得成绩才是一切。然后我其他什么进步啊，他们又觉得我进步了很少，我有进步，但是进步太小了，然后没进步，又说我又不进步，又倒退了，然后什么的就搞得很烦，总是不喜欢我妈妈这样子。然后那个就是呃我怎么说呢？我双亲对手机这边管控特别严，然后就是严过好多学生好多我的朋友啊什么的，嗯，他们都有手机，然后还搞得我心里特别不平衡，而且而且跟他们没有什么话题，就是现在都是那种网络时代，对吧？然后他们又在他们又聊一些很新的话题，然后我又跟不上时代又聊不了。他们就导致我和朋友们之间的话题少了很多，而且他们在班级群里面聊的天，我也不知道他们什么新的网络梗啊什么的东西，我也不知道，就感觉特别不方便我和同学们的交流。而且他们不信，我我妈妈他们不信任我和我弟能管控好，我们自己能写完作业，并且管控好手机，使用时间，就很讨厌我妈这样。 呃，就是上课容易不集中注意力，然后晚上睡觉想睡觉的话，但是又睡得很晚很晚才能睡着。呃，心里也有点不是感觉很对劲的那种，就觉得有点不对，但又不知道是哪里，然后又很害怕老师在外面看看到我不专注的情况什么的，要拍下来又要跟我说，又跟我父母说什么的。 我成绩不是很好，然后可能嗯爸爸妈妈那边想要我多一些啊，好一点成绩哦，我想一个好大学，好的高中吧，但是我感觉我有那个目标，不过他们怎么说呢？就是感觉我什么都，做不好，感觉达的他们的预期也达不到，我想要的。就没能力。努力了，做不到。 有人说我们都班群了，我这次好像怎么说呢？他好像很闲一样，就天天过来就上课过来看我就就感觉好像什么时候就我最近上课不知道为什么集中不了注意力，然后导致呃他总是过来的时候就看到我，然后在那发呆，然后就说我什么的，然后还有家里面那些适合手机手机啊，什么手机手机给收啊，然后跟爸妈目前关系还好吧，就这些事情。 好，比如说，他画的时候，我以前画的就是那种很可爱的那种风格，那种大眼睛，那种可爱的娃娃。但是最近我也不知道为什么喜欢一种就是很奇怪的风格，可能比较猎奇什么的，就特别不一样。 好像有吧，小程序吗？可能是小程序，感觉他好像挺严重的。还有一个就是以前初三的一个姐姐叫杨傲。,0.8761,1,False
J0076,942,周围都是学友，不想讲，难受啊。 好多好多好多，每次每一次都特别难缓过来，你撤退了。 没人重视，还是只能撑着你。 任何事情都没心做，平复不过来。 几年都是这样的，习惯了，没用，哎。 不敢说，撤退了。 五六个吧，都很好呢。 经常这样，早就，早就难受了。,124,10,1,11,1,0.503,1,模型风险概率0.7485远高于判定阈值0.3，虽不确定度中等且仅有焦虑量表信息，但综合判断达到中度及以上抑郁风险。,,,周围都是学友，不想讲，难受啊。 好多好多好多，每次每一次都特别难缓过来，你撤退了。 没人重视，还是只能撑着你。 任何事情都没心做，平复不过来。 几年都是这样的，习惯了，没用，哎。 不敢说，撤退了。 五六个吧，都很好呢。 经常这样，早就，早就难受了。,0.7485,1,True
J0077,567,开心，有时候又会平静，有时候会平静。 嗯，带来了一定的压力，带来了一定的压力，但是呢也会影响生活，有时候会非常的焦虑。 啊，我一般都是陪我爸妈一起度过周末的。我觉得最有趣的事情就是呢和爸妈一起出门玩啊，一起感受这段快乐的时光。然后这个周末呢可能会跟爸妈一起去逛街啊，呃一起去玩之类的。 呃升学压力变大呃，要面临中考，嗯，面临中考压力会变大，然后成绩会考的不理想，被教师批评。 嗯，每天都有保持积极向上的心态，不受外界影响，影响自己的心情。 呃例如同学教会我做一道题，我会感觉十分开心来。 我感觉我最近很烦，然后呢习题不想写跑步不想跑考试不想考，真的好累。 似乎没有呃，应该没有吧，哎，谢总。从你有没有,337,10,1,7,0,0.4938,1,模型风险概率0.7531远高于判定阈值0.3，虽不确定度中等且GAD-7仅提示轻度焦虑，但综合仍支持达到中度及以上抑郁风险。,,,开心，有时候又会平静，有时候会平静。 嗯，带来了一定的压力，带来了一定的压力，但是呢也会影响生活，有时候会非常的焦虑。 啊，我一般都是陪我爸妈一起度过周末的。我觉得最有趣的事情就是呢和爸妈一起出门玩啊，一起感受这段快乐的时光。然后这个周末呢可能会跟爸妈一起去逛街啊，呃一起去玩之类的。 呃升学压力变大呃，要面临中考，嗯，面临中考压力会变大，然后成绩会考的不理想，被教师批评。 嗯，每天都有保持积极向上的心态，不受外界影响，影响自己的心情。 呃例如同学教会我做一道题，我会感觉十分开心来。 我感觉我最近很烦，然后呢习题不想写跑步不想跑考试不想考，真的好累。 似乎没有呃，应该没有吧，哎，谢总。从你有没有处于焦虑状态？我说你有没有处于焦虑状态啊？好的，我的身边有处于焦虑的友人。,0.7531,1,True
J0078,510,这个平时会跟爸爸妈妈一起吃饭，一起聊天吧。就是爸爸妈妈也很理解，我就是也能够明白我内心的念头，也不会责怪我之类的。 就是嗯不是很想上学，而且感觉学校里面没有什么特别好的朋友，也没有找到喜欢上学的乐趣。 焦虑吧。 嗯，就是睡眠不好很困，但就是睡不着。 和爸爸妈妈分享吧，也可以和哥哥聊一下自己的读书状态，就是感觉跟家人分享，或者说跟同学分享，会让自己好受一点，不会那么焦虑，也不会那么紧张 空余时间我可能比较喜欢跟一些同学玩游戏，或者买一些自己喜欢的书吧。 在学可能会没有办法把精力集中在写功课，还有上课上。 现在暂时好像还没有。,264,9,0,7,0,0.2499,0,模型风险概率0.125低于判定阈值0.3，且系统不确定度较低，综合判定未达中度及以上抑郁。,,,这个平时会跟爸爸妈妈一起吃饭，一起聊天吧。就是爸爸妈妈也很理解，我就是也能够明白我内心的念头，也不会责怪我之类的。 就是嗯不是很想上学，而且感觉学校里面没有什么特别好的朋友，也没有找到喜欢上学的乐趣。 焦虑吧。 嗯，就是睡眠不好很困，但就是睡不着。 和爸爸妈妈分享吧，也可以和哥哥聊一下自己的读书状态，就是感觉跟家人分享，或者说跟同学分享，会让自己好受一点，不会那么焦虑，也不会那么紧张 空余时间我可能比较喜欢跟一些同学玩游戏，或者买一些自己喜欢的书吧。 在学可能会没有办法把精力集中在写功课，还有上课上。 现在暂时好像还没有。,0.125,0,False
J0079,1125,觉得自己每次考试考太差了，而且而且考太差了，一些本来原本考的比我差的人全都赶超我了，就是因为考的太差了，并且爸妈经常吵架。 啊，我感觉呃比如比如比比如在发大水之前的话，呃，老师不会说这件事情。但是发大水之后，每个老师都会一直提一直提一直提提的烦，真的非常烦，真的十分烦。而且这件事情实际上根本就没有对我们学习有任何的意义，会影响我们学习，会影响我们学习的上课时间，会影响我们的正课时间。老师讲这些废话根本一点用都没有。 这种状态让我很焦虑，他并没有给我的学习有什么好的影响，反而让我成绩越来越差。我真的觉得生任何一个同窗都可以超过我了啊，我不知道怎么学习才能保持以前的成绩，我感觉我自己好差，体育也退,883,11,1,8,0,0.2981,1,模型风险概率0.8509远高于判定阈值0.3，且自评不确定度较低（0.2981），支持中度及以上抑郁风险判定。,,,觉得自己每次考试考太差了，而且而且考太差了，一些本来原本考的比我差的人全都赶超我了，就是因为考的太差了，并且爸妈经常吵架。 啊，我感觉呃比如比如比比如在发大水之前的话，呃，老师不会说这件事情。但是发大水之后，每个老师都会一直提一直提一直提提的烦，真的非常烦，真的十分烦。而且这件事情实际上根本就没有对我们学习有任何的意义，会影响我们学习，会影响我们学习的上课时间，会影响我们的正课时间。老师讲这些废话根本一点用都没有。 这种状态让我很焦虑，他并没有给我的学习有什么好的影响，反而让我成绩越来越差。我真的觉得生任何一个同窗都可以超过我了啊，我不知道怎么学习才能保持以前的成绩，我感觉我自己好差，体育也退步了好多。 呃，我朋友有熊思成，他有一次和我还有盛子熙在晚上的时候讲话，当时十点多了呃，十十点四十多左右，我们因为讲话太过大声，而且当时也是不允许讲话的，故我们被宿管给逮到了被宿管。逮到之后呢，宿管让我们签名啊。第二天早上呢，我们忐忑不安的去找呃去找那个老师去承认错误，结果老师根本就不知道这件事情，搞得我们非常不好。 我们他们是呃最最近我的数学成绩出来了，我因为粗心错了，一道选择两道填空，总共就扣了十一分，十一分啊啊，然后哦不应该不是十一分吧，我也不知道总共扣了多少分，反正就是比其他同学都考的都差，而且那些从前没有考，没有我高的同学全都超过了，而且超了不止一两分。还有还有上次那个地理成绩，地理成绩也是的，以前没有高的，也抄上来了，而且超了也不是止一两分。固然虽虽虽然我可以承认是他们他们实力比我好，但是我就是不开心，我就是不希望别人比我好啊，我就是我就是不甘心我自己的成绩那么差。 我我们学校要被大水淹了，我们我们那一天都在学校里面被困了好久，等到晚上回去的时候，已经深夜十一点多了啊。当时家里面因为泡沫水真的非常的脏，但是我又不想洗澡，真的是的惊退两难，而且我当时真的很想睡觉，哎，烦的要死。 呃，我身边没有处于这种状态的同学和伙伴。 感觉自己成绩不好，被其他同学经常超越呃。感觉很焦虑，然后有的时候比较心慌，尤其是体育考试的时候，体育考试之前心慌的要死。,0.8509,1,False
J0080,965,我说坐下，老老婆不敢走，我说走吗？啊，我的金流要歪啦，好了吗？ 玩玩手机就行了。 啊，我径流我径流抽不到了，我要抽不到径油啦。 玩游戏玩游戏 我害怕径流抽不到。 哎，在在金流出来之之前，想要我想要抽抽金流想要的要死。当下金流出来之后，我我怕抽不到，我好焦虑。 我很着急。 每天都有，每天都有，每天都有。,151,17,1,12,1,0.8165,1,模型风险概率0.5918超过判定阈值0.3，虽不确定度较高且仅有焦虑量表信息，但按系统判定标准已达到中度及以上抑郁风险。,,,我说坐下，老老婆不敢走，我说走吗？啊，我的金流要歪啦，好了吗？ 玩玩手机就行了。 啊，我径流我径流抽不到了，我要抽不到径油啦。 玩游戏玩游戏 我害怕径流抽不到。 哎，在在金流出来之之前，想要我想要抽抽金流想要的要死。当下金流出来之后，我我怕抽不到，我好焦虑。 我很着急。 每天都有，每天都有，每天都有。,0.5918,1,False
J0081,814,和你嗯跟伙伴出去玩逛街，看电影呃，进餐。 啊嗯跟朋友出去闲聊散步，看看电影什么的，或者在家里面呃玩一下手机，解除一下压力啊， 嗯同学们都很努力，但你自己的成绩一直处于不好的状态，呃，会感到压力很大。然后想着努力，但是嗯学习不太好，就不知道从哪开始进步。 嗯，伤心滴落。 嗯，没有什么秘诀，保持好良好的心态。 嗯，跟友人出去看电影呃，跟朋友倾听一下，或者出去玩一下。 ，成绩不好嗯，家庭矛盾。,195,11,1,11,1,0.5822,1,模型风险概率0.7089超过判定阈值0.3，虽不确定度偏高且仅有焦虑量表信息，但按系统判定标准已达到中度及以上抑郁风险。,,,和你嗯跟伙伴出去玩逛街，看电影呃，进餐。 啊嗯跟朋友出去闲聊散步，看看电影什么的，或者在家里面呃玩一下手机，解除一下压力啊， 嗯同学们都很努力，但你自己的成绩一直处于不好的状态，呃，会感到压力很大。然后想着努力，但是嗯学习不太好，就不知道从哪开始进步。 嗯，伤心滴落。 嗯，没有什么秘诀，保持好良好的心态。 嗯，跟友人出去看电影呃，跟朋友倾听一下，或者出去玩一下。 ，成绩不好嗯，家庭矛盾。,0.7089,1,True
J0082,883,呃，有时候会沉不下心来学习生活的话，经常会跟朋友家人闹一些小矛盾吧。 嗯，还是考试月考压力甚至有点大，然后背书真的背不下来。每次背书总感觉脑子里有堵墙，不让那个知识进到我脑子里，然后每次都要每你在连周，这不是什么东西，呃，住宿的话可能会有点不好受。 我觉得好像是没有的，哈哈哈。 感觉我呃经常坐着坐着，就喜欢动一下，然后嗯每天睡是睡够了，但是又很困，嗯，然后每次一紧张就会觉得胃痛。 刚月刚月考完，压力挺大的，然后。 还是月考考试，然后还是就是经常不能和家人见面。我爸爸妈妈都周一周五去去，就是去远门上班，然后呢经常见不了面，我想让他们送点东西，也只能托他朋友来送我很难过，特别特别难过。 是之前其实,545,16,1,11,1,0.358,1,模型风险概率0.821远高于判定阈值0.3，虽不确定度中等且仅有焦虑量表信息，但综合判断达到中度及以上抑郁风险。,,,呃，有时候会沉不下心来学习生活的话，经常会跟朋友家人闹一些小矛盾吧。 嗯，还是考试月考压力甚至有点大，然后背书真的背不下来。每次背书总感觉脑子里有堵墙，不让那个知识进到我脑子里，然后每次都要每你在连周，这不是什么东西，呃，住宿的话可能会有点不好受。 我觉得好像是没有的，哈哈哈。 感觉我呃经常坐着坐着，就喜欢动一下，然后嗯每天睡是睡够了，但是又很困，嗯，然后每次一紧张就会觉得胃痛。 刚月刚月考完，压力挺大的，然后。 还是月考考试，然后还是就是经常不能和家人见面。我爸爸妈妈都周一周五去去，就是去远门上班，然后呢经常见不了面，我想让他们送点东西，也只能托他朋友来送我很难过，特别特别难过。 是之前其实不是很会过于依赖手机。但是住宿之后，然后家里人家家里人又出去打工，出去去上班，然后就经常见不了面，然后目前就只能一直依赖于手机，觉得自己很颓废。我天哪。 嗯，我和我有一个朋友是在网上认识的，他去年我们刚认识时候时候他初三，所以他很少时间能玩到手机，我们很少时间能交流。但是国庆的时候，他就是我和他说我挺有空的，如果他有空可以来找我玩，或者我去找他玩。然后有一次我一睁眼，我就收到他给我发的消息，他说他可以来找我玩，然后我就特别开心，我就慌里慌张地收拾好，出门跟他见面，那一天是我真的很开心。,0.821,1,True
J0083,328,就是周末周六的时候，在家里面爸爸妈妈上班去了，我和我姐姐就在家里里面写习题。如果那一天写完的话，星期天我们就可以一起去外出旅游，这是一个非常美好的事情。但现在很少了。 在学校里面有一些不好的事情，被同学排斥。 考试的时候就很怕考不好，回到家里面就怕被爸妈骂。 很高， 呃，就是有时候上课会容易分神，很容易犯困。 呃，我平常就喜欢踢足球，在中午还有下午的时候，我都会去到操操场上面踢足球 我六年级有一个友人，他后来回老家读书了，但是当时我心情非常低落，连续几个月，但是呢我还是坚持了下来，我慢慢走出那种心情嗯。 嗯，我就是因为学习上课学的知识没有学好，就感到有很有压力，就怕测试的时候考不好。 我还有一,334,7,0,4,0,0.3847,0,模型风险概率0.1924低于判定阈值0.3，且系统自评不确定度中等，综合判断未达到中度及以上抑郁。,,,就是周末周六的时候，在家里面爸爸妈妈上班去了，我和我姐姐就在家里里面写习题。如果那一天写完的话，星期天我们就可以一起去外出旅游，这是一个非常美好的事情。但现在很少了。 在学校里面有一些不好的事情，被同学排斥。 考试的时候就很怕考不好，回到家里面就怕被爸妈骂。 很高， 呃，就是有时候上课会容易分神，很容易犯困。 呃，我平常就喜欢踢足球，在中午还有下午的时候，我都会去到操操场上面踢足球 我六年级有一个友人，他后来回老家读书了，但是当时我心情非常低落，连续几个月，但是呢我还是坚持了下来，我慢慢走出那种心情嗯。 嗯，我就是因为学习上课学的知识没有学好，就感到有很有压力，就怕测试的时候考不好。 我还有一群安慰我的朋友，和我和我一起学习着，还还有我的爸妈，也一直鼓励着我。,0.1924,0,True
J0084,472,在学习上感觉不是很好，要多加努力。有时候会觉得以后的未来怎么决定，未来怎么办？嗯，能不能努力让自己的生活变得更丰富、更充实、更有色彩，怕遇到什么意外和，想一下，不想让别人呃知道危险秘密 有可能会带来我总是心情失落，做事情提不起精神。 没有，就是想着以后读的学校。 有两个呃，一个是就是很搞笑，总是逗逗开心，还有一个是很宽容，高情商让我很通融 去跑步跑步一千米，或者做运动练肌肉，练二头、三头，还有这个腹部肌肉，还有练腿部肌肉。 近来念书感觉要多加努力 应该没有 平静,233,6,0,10,1,0.2202,0,模型风险概率0.1101低于判定阈值0.3，且自评不确定度较低，故未达中度及以上抑郁。,,,在学习上感觉不是很好，要多加努力。有时候会觉得以后的未来怎么决定，未来怎么办？嗯，能不能努力让自己的生活变得更丰富、更充实、更有色彩，怕遇到什么意外和，想一下，不想让别人呃知道危险秘密 有可能会带来我总是心情失落，做事情提不起精神。 没有，就是想着以后读的学校。 有两个呃，一个是就是很搞笑，总是逗逗开心，还有一个是很宽容，高情商让我很通融 去跑步跑步一千米，或者做运动练肌肉，练二头、三头，还有这个腹部肌肉，还有练腿部肌肉。 近来念书感觉要多加努力 应该没有 平静,0.1101,0,False
J0085,219,愉悦。 吃了睡，睡了喝，喝了撒，撒了睡。 崩坏三，世界出击。 用餐睡觉。 打游戏。 很不错。 没有。,50,6,0,0,0,0.1808,0,模型风险概率0.0904远低于判定阈值0.3，且自评不确定度较低，GAD-7为0提示无明显焦虑，综合不支持中度及以上抑郁。,,,愉悦。 吃了睡，睡了喝，喝了撒，撒了睡。 崩坏三，世界出击。 用餐睡觉。 打游戏。 很不错。 没有。,0.0904,0,False
J0086,1048,幸运呃，也是感到很慌。 打游戏。 就一直在心里想，周末快到了，再忍一忍。 没有。 有。 无聊。 一般都是窝在家庭打游戏，然后最有趣的周末就是出去玩。 没有,77,14,1,8,0,0.6358,1,模型风险概率0.6821超过判定阈值0.3，虽不确定度较高且GAD-7仅反映轻度焦虑，但按系统判定标准已达到中度及以上抑郁风险。,,,幸运呃，也是感到很慌。 打游戏。 就一直在心里想，周末快到了，再忍一忍。 没有。 有。 无聊。 一般都是窝在家庭打游戏，然后最有趣的周末就是出去玩。 没有,0.6821,1,False
J0087,867,呃，我没有。 开心 我没有什么秘诀，我就呃上课认真听，然后下课跟同学聊天。 我喜欢跟同学玩，跟同窗一起聊天。 总是要呃我呃呃我还行，呃，反正就是上课的时候学就行了，现他在的一直播间。 我一般早上在十点左右就会起床，呃，就会玩会手机，然后下午就一直写作业。然后晚上的时候就出去玩。 我没有什么方法呀，呃我就去呃多休息一下，上课也不是很专心听嗯。,171,3,0,0,0,0.1699,0,模型风险概率0.085远低于判定阈值0.3，且自评不确定度低，GAD-7为0，综合不支持中度及以上抑郁。,,,呃，我没有。 开心 我没有什么秘诀，我就呃上课认真听，然后下课跟同学聊天。 我喜欢跟同学玩，跟同窗一起聊天。 总是要呃我呃呃我还行，呃，反正就是上课的时候学就行了，现他在的一直播间。 我一般早上在十点左右就会起床，呃，就会玩会手机，然后下午就一直写作业。然后晚上的时候就出去玩。 我没有什么方法呀，呃我就去呃多休息一下，上课也不是很专心听嗯。,0.085,0,False
J0088,226,跟朋友玩。 我最近十分的好。 开心。 我觉得应该没有。 跟朋友玩。 跟友人和老师沟通。 我觉得去朋友家里面玩非常的快乐。,60,3,0,0,0,0.0734,0,模型风险概率0.0367远低于判定阈值0.3，且自评不确定度低，GAD-7为0，综合判断未达中度及以上抑郁。,,,跟朋友玩。 我最近十分的好。 开心。 我觉得应该没有。 跟朋友玩。 跟友人和老师沟通。 我觉得去朋友家里面玩非常的快乐。,0.0367,0,False
J0089,384,枯燥无味，每天都盼着回家。 没有。 呃，就是，很很好的适应了，初三比较繁忙的生活。虽然时间有点紧，也有抓紧时间去休息，就是有点不够睡。 呃，多和伙伴交流。有烦恼，就找人去倾诉。 呃，我喜欢跟我的妈妈聊天，或者上网刷一刷视频。 呃就是，可以跟我的妈妈一起交流，会各自分享一周没有见的期间发生的一些事情，分享给对方。 多和家人沟通沟通，然后外出游玩，和朋友诉说自己的烦恼。,184,4,0,0,0,0.1954,0,模型风险概率0.0977远低于判定阈值0.3，且自评不确定度较低，故未达到中度及以上抑郁。,,,枯燥无味，每天都盼着回家。 没有。 呃，就是，很很好的适应了，初三比较繁忙的生活。虽然时间有点紧，也有抓紧时间去休息，就是有点不够睡。 呃，多和伙伴交流。有烦恼，就找人去倾诉。 呃，我喜欢跟我的妈妈聊天，或者上网刷一刷视频。 呃就是，可以跟我的妈妈一起交流，会各自分享一周没有见的期间发生的一些事情，分享给对方。 多和家人沟通沟通，然后外出游玩，和朋友诉说自己的烦恼。,0.0977,0,False
J0090,376,嗯，就是可能段考比较紧张，然后可能考不好，就是不太开心。 之前的时候就是呃我的那个画画呀、手工啊那些我都略微喜欢。但是现在我做的时候，心里就会想到别的学友可能现在都在做作业啊，写试卷啊，我就心里就有点压力，就感到做手工，做那些自己喜欢的事情也提不起劲了。然后就是感觉这些嗯就是会比别人落下一截吧。 就是我嗯我们最近阶段性测试，然后呢我们班有一个同学，他考的很不错，但是呢我就有点害怕，他会考的比我好。然后另外我还有一些小学的朋友，现在跟我同一所初中，他们的成绩也很好。然后他们也平常很努力，所以我就有点担心，他们会就是比我考的要好，可能就会让我心里比较感到压力有点大。然后呢，我妈妈对我又寄予众望，就,631,12,1,11,1,0.3575,1,模型风险概率0.8213远高于判定阈值0.3，且自评不确定度中等偏低，支持中度及以上抑郁风险的判定。,,,嗯，就是可能段考比较紧张，然后可能考不好，就是不太开心。 之前的时候就是呃我的那个画画呀、手工啊那些我都略微喜欢。但是现在我做的时候，心里就会想到别的学友可能现在都在做作业啊，写试卷啊，我就心里就有点压力，就感到做手工，做那些自己喜欢的事情也提不起劲了。然后就是感觉这些嗯就是会比别人落下一截吧。 就是我嗯我们最近阶段性测试，然后呢我们班有一个同学，他考的很不错，但是呢我就有点害怕，他会考的比我好。然后另外我还有一些小学的朋友，现在跟我同一所初中，他们的成绩也很好。然后他们也平常很努力，所以我就有点担心，他们会就是比我考的要好，可能就会让我心里比较感到压力有点大。然后呢，我妈妈对我又寄予众望，就是嗯对。 就是在取得一些好的成绩或者是做的一些自己喜欢的事情的时候，就会感到嗯好像我也并不是那么糟糕吧，就是说我也会有一技之长，然后嗯大家也是很喜欢我的。然后嗯就是嗯而且嗯总是要抱有期待的吧。就是现在能有就是自己等自己长大了之后呢，就可以做自己任何想做的事情了。就是还蛮值得期待的，我一直觉得。 大概就是每天都有一点点吧，不过也不是特别的不开心，就是嗯心情偶尔比较低落，然后但是偶尔也还算挺开心的吧。 我一下嗯我的朋友还挺多的，但是好像没有特别要好的那种。然后就是嗯平常平常的时候，嗯，如果我跟他们讲什么话，可能他们不是很不是很不是很听。然后就是可能我也不是很对他们来言不是很重要。对，没有了拜拜。 我还嗯就是嗯嗯嗯来缓解，可能听听音乐啥的，然后就是看看书之类的,0.8213,1,True
J0091,374,我和爸妈的相处其实在我赶来吧，我觉得嗯还可以吧，毕竟只是才来到他们身边才半年吧。嗯可以就是那种嗯怎么说呢？很僵硬的感觉，如果没有我弟的话，我感觉每次都觉得跟他们待的在一起，待在一起，就感觉好尴尬的样子。嗯，然而我也觉得毕竟那么长时间没有在一起，感情嘛，肯定是没有的，但毕竟可以慢慢培养。 还行吧，就有的时候上课有点跑神，有点不专心，其他的都很好。我觉得我最近的这两周还可以最又来说有受到他们的影响。但是因为朋友在我也是个开朗的人，就还是会很开心，只不过有的时候会情绪很低落，会想哭。不过这经常大多都是在晚上。 嗯，我应该会去多想一些开心的事情，然后来分散自己的注意力，然后多去户外活动一下，然后让自己,759,15,1,10,1,0.3114,1,模型风险概率0.8443远高于判定阈值0.3，且自评不确定度仅0.31，支持中度及以上抑郁风险判定。,,,我和爸妈的相处其实在我赶来吧，我觉得嗯还可以吧，毕竟只是才来到他们身边才半年吧。嗯可以就是那种嗯怎么说呢？很僵硬的感觉，如果没有我弟的话，我感觉每次都觉得跟他们待的在一起，待在一起，就感觉好尴尬的样子。嗯，然而我也觉得毕竟那么长时间没有在一起，感情嘛，肯定是没有的，但毕竟可以慢慢培养。 还行吧，就有的时候上课有点跑神，有点不专心，其他的都很好。我觉得我最近的这两周还可以最又来说有受到他们的影响。但是因为朋友在我也是个开朗的人，就还是会很开心，只不过有的时候会情绪很低落，会想哭。不过这经常大多都是在晚上。 嗯，我应该会去多想一些开心的事情，然后来分散自己的注意力，然后多去户外活动一下，然后让自己的身心尽量放松，多去锻炼，然后让自己感到不再那么疲惫，没有精神力。 啊呃一般来说就是读书上爸妈对我的要求可能会很严格。就是如果周测就是数学吧，我考的不好，就一般来说比上上次一百一十多，现在这次考了九十多，就会非常沮丧，就会感到难过，是不是我友考的不好。然后还有我爸妈总是会吵架，然后呢就想到了就会感觉不好受。 可能我保持我的活力和希望的有点是只为自己着想或者很沮丧。我想的话，如果我考的好了，我都能考上好的高中，这样他们就不会再对我那么严了，然后我也会很自由，不会被他们管那么严。 呃，就比如说我在家里就是怎么说的，之前很喜欢去打羽毛球，可是之后好像自从上了学学习压力，爸妈家的学习压力太大之后我也不喜欢打羽毛球的，就非常反感去户外运动。 也没有什么啦。其实就是父母经常吵架，还有一些就是因为长时间不在父母身边，而且感觉就是不太亲切而已。然后他们吵架的话，有的时候还有点是因为我的就感到很不开心。每次回到家就感觉那不是我的家一样，就不想待在父母身边，我感觉学校都比家好，至少学堂还有朋友呃，家里没有人可以说说说心里话。,0.8443,1,True
J0092,460,嗯，我之前在老家成绩也都是现在那样呃，我这种成绩能进到全班前四，全班全班前三让我感到很高兴。但是在转学之后，我感觉我现在这种成绩看不到哦，以后的未来，对未来的感到迷茫。 压抑抑郁心累 几几乎每天都是这样吧，在家里好像没什么呀，但是在校园好的，几乎每天都是这样。 我不好描述。 我说不出来嗯，就感到自己有压力说不出来。 总是在回忆之前的事情，拿以前的事情跟现在比感觉在这个学校我真的找不到他的好处，就除了吃饭以外 我感觉我在这个学校很孤独，根本就没有人注注意到我，呃，这个学校你这个让我感到特别有压力，我觉得我的人际关系不是那么好。 一般都是玩手玩手机，过这个周末，但我觉得我过了这个周末，一点也不有趣,307,18,1,17,1,0.2939,1,模型风险概率0.853远高于判定阈值0.3，且自评不确定度较低（0.2939），支持达到中度及以上抑郁风险。,,,嗯，我之前在老家成绩也都是现在那样呃，我这种成绩能进到全班前四，全班全班前三让我感到很高兴。但是在转学之后，我感觉我现在这种成绩看不到哦，以后的未来，对未来的感到迷茫。 压抑抑郁心累 几几乎每天都是这样吧，在家里好像没什么呀，但是在校园好的，几乎每天都是这样。 我不好描述。 我说不出来嗯，就感到自己有压力说不出来。 总是在回忆之前的事情，拿以前的事情跟现在比感觉在这个学校我真的找不到他的好处，就除了吃饭以外 我感觉我在这个学校很孤独，根本就没有人注注意到我，呃，这个学校你这个让我感到特别有压力，我觉得我的人际关系不是那么好。 一般都是玩手玩手机，过这个周末，但我觉得我过了这个周末，一点也不有趣，也没有意义。,0.853,1,False
J0093,445,呃，就是最近就是国庆没玩到，然后很无聊很烦，然后就然后拜拜就样拜拜拜拜拜拜拜拜能不能再取消，拜拜呀，能不能压力，不要给我们这么大体育啊，烦死了。 有至少三四个吧，就是平时会一起玩，然后一起好笑。比如说嗯嗯会一起开那些玩笑，然然后会一起打打闹闹，然后一起吃饭，一起玩就很开心，也没有什么特别多的有趣的故事。 就是略微难过，而是就在跑八百，然后嗯朋友总是不拒绝跟我出去玩，然后整个人感觉相对冷淡。老师最近呃会有一点惩罚我，就觉得特别的烦，特别的烦，特别的烦，然后会偶尔有空闲，就会想到很多那些难过的事情，然后就特别的呃想很安乐死吧，呃就是惩罚我，我也不想。 每天空闲的时候会想到呃，空闲的时候会想到会焦虑,604,10,1,12,1,0.4322,1,模型风险概率0.7839远高于判定阈值0.3，虽有一定不确定性且GAD-7仅反映焦虑，但综合仍支持中度及以上抑郁风险。,,,呃，就是最近就是国庆没玩到，然后很无聊很烦，然后就然后拜拜就样拜拜拜拜拜拜拜拜能不能再取消，拜拜呀，能不能压力，不要给我们这么大体育啊，烦死了。 有至少三四个吧，就是平时会一起玩，然后一起好笑。比如说嗯嗯会一起开那些玩笑，然然后会一起打打闹闹，然后一起吃饭，一起玩就很开心，也没有什么特别多的有趣的故事。 就是略微难过，而是就在跑八百，然后嗯朋友总是不拒绝跟我出去玩，然后整个人感觉相对冷淡。老师最近呃会有一点惩罚我，就觉得特别的烦，特别的烦，特别的烦，然后会偶尔有空闲，就会想到很多那些难过的事情，然后就特别的呃想很安乐死吧，呃就是惩罚我，我也不想。 每天空闲的时候会想到呃，空闲的时候会想到会焦虑。 我喜欢吃东西去玩，然后看手机，然后运动一下，放松一下自己。 现在就是我现在很怕八百，然后呃学习现在就是要考试了很多事，很多事情比较慌，然后比较慌。八佰就比较怕体育，其他就还好，认真学习，认真才享受学习的。然后学友很不错，玩的一天不错，但是就很怕八佰和一些学习的压力会压的我比较大。然后外面物理，然后英语啊什么有时候会比较差。呃，不知道你要怎么搞，他们都去外面补课的话，我也不知道我自己好还是差，我需不需要补学，比较更认真。但是又感觉有时候我学并不好，然后老师讲的也不是特别好，就比较讨厌，就比较烦。这这一些方面近期的 呃，会去放松，会去找好玩的，好吃的，然后让自己尽力也放松一下啊，平时也快乐一点这样子。,0.7839,1,True
J0094,1243,没有没有。 我的很多朋友都去做动态，比如说我的好伙伴何瑞西，我的只要没有说这种卡，呃，焦虑不安。哈哈哈对不起，我说错了。刚呃就是说我身边伙伴，他是九幺班十八号和何瑞希嘛，他近来呃因为上九年级的嘛，压力肯定会随之而大。他近期是非常的不好，他非常的焦虑哦，对不起，我说错了。对，说错说错了，说错，想因为焦虑啊，那个欺负同学是不是因为他，你哎，对不起，我说错了，说错了，说错了，说错了啊，没没什么没什么，没有没有，这没有。 我也没有哈哈哈哦没有没有没有没有没有没有没有没有。 没有规范，然后。 没什么影响，我觉得非常好，不是好，这个哦这个不错不错，我的旁边要有啊，我们这边没有这种情况 没有我没有不开，我没,515,11,1,9,0,0.4797,1,模型风险概率0.7602远高于判定阈值0.3，虽不确定度中等且GAD-7仅提示轻度焦虑，但综合仍支持达到中度及以上抑郁风险。,,,没有没有。 我的很多朋友都去做动态，比如说我的好伙伴何瑞西，我的只要没有说这种卡，呃，焦虑不安。哈哈哈对不起，我说错了。刚呃就是说我身边伙伴，他是九幺班十八号和何瑞希嘛，他近来呃因为上九年级的嘛，压力肯定会随之而大。他近期是非常的不好，他非常的焦虑哦，对不起，我说错了。对，说错说错了，说错，想因为焦虑啊，那个欺负同学是不是因为他，你哎，对不起，我说错了，说错了，说错了，说错了啊，没没什么没什么，没有没有，这没有。 我也没有哈哈哈哦没有没有没有没有没有没有没有没有。 没有规范，然后。 没什么影响，我觉得非常好，不是好，这个哦这个不错不错，我的旁边要有啊，我们这边没有这种情况 没有我没有不开，我没有不开心的事情，没有好吧，我们的是没有我没有，我说错了，我没有。 对不起，我说错了，说错了啊，他是一个非常好的朋友，我跟他发生了非常多很很多有趣的事情啊，比如说他老是骂别人啊，说错了说错了，说错了，说错了，说错了。嗯嗯，哦哦哎哎，何何瑞西啊，说他经常不给别人东西吃被人打。哎呦，说错了，说错了，说错了，说错了，说错了。哎，我说错了哦，我我我我我有我没有好朋友，我没有好朋友，一点一个都不都没有哦，没没事，没事 哦，我没有这种情况。,0.7602,1,True
J0095,548,嗯，呃，嗯，我一直都是这样，对吧？那些什么烦恼基本很快就会忘记了。秘诀，没有秘诀。 嗯，我可能会去画画吧。 嗯，就是先写作业，然后呢每天肯定先看会看会书，还有就是画画后面去玩最有意义的周末，然后呃然后呢和同学一起去去国贸玩吧。 呃，可能有点是因为测验吧。 应该没有吧。 嗯嗯，我喜欢看小说画画，还有呃玩玩游戏。 开心，快乐无聊。,164,3,0,2,0,0.1993,0,模型风险概率0.0997远低于判定阈值0.3，且自评不确定度较低，故未达到中度及以上抑郁。,,,嗯，呃，嗯，我一直都是这样，对吧？那些什么烦恼基本很快就会忘记了。秘诀，没有秘诀。 嗯，我可能会去画画吧。 嗯，就是先写作业，然后呢每天肯定先看会看会书，还有就是画画后面去玩最有意义的周末，然后呃然后呢和同学一起去去国贸玩吧。 呃，可能有点是因为测验吧。 应该没有吧。 嗯嗯，我喜欢看小说画画，还有呃玩玩游戏。 开心，快乐无聊。,0.0997,0,False
J0096,399,呃，那个那个成绩不理想，不知道。 做吃饭洗澡没了。 平镜。 那个那个直直接找朋友，直接诉说，直接这说诉说自己的痛处。 那个陈林峰，他不好好学习，然后呢，还上课喜欢打扰同学 我的朋友叫陈林峰，然后呢他不务正业，天天想着玩游戏，然后呢，有一天就是他玩单杠，然后把腿摔瘸了，然后我非常的开心，他也十分的开心。 没有什么秘诀。,159,11,1,3,0,0.5703,1,模型风险概率0.7149超过判定阈值0.3，虽不确定度偏高且GAD-7仅3分，但按系统阈值仍应判为中度及以上抑郁风险。,,,呃，那个那个成绩不理想，不知道。 做吃饭洗澡没了。 平镜。 那个那个直直接找朋友，直接诉说，直接这说诉说自己的痛处。 那个陈林峰，他不好好学习，然后呢，还上课喜欢打扰同学 我的朋友叫陈林峰，然后呢他不务正业，天天想着玩游戏，然后呢，有一天就是他玩单杠，然后把腿摔瘸了，然后我非常的开心，他也十分的开心。 没有什么秘诀。,0.7149,1,True
J0097,1103,平静平静，偶尔相处好，有时候相处不好。 很少出现。 感受不了一点。哦，没有。 心情莫名其妙沮丧。 呃就是每天晚上会经常睡不着，就是感觉我在睡，但是就是那种闭上眼的话，就是会有那种是一直睡不着的感觉，然后也不知道脑袋里面在想什么。 没有多大影响吧？因为最近我的情绪受到比较好的控制。 我感觉我最近总是睡不着，就是，会非常的不开心。因为我感觉就是我时常身心疲倦，就是特别睡眠也是特别的不好。然后有时候就特别开心，但是有时候就是情绪也会特别的低落。就感觉成两面插派，但是上学的话就是情绪还好。每次在家里面的时候，就会像那样子，由于，对。 让自己别伤心。,273,15,1,9,0,0.3047,1,模型风险概率0.8477远高于判定阈值0.3，且自评不确定度仅0.3047，支持判定为中度及以上抑郁风险。,,,平静平静，偶尔相处好，有时候相处不好。 很少出现。 感受不了一点。哦，没有。 心情莫名其妙沮丧。 呃就是每天晚上会经常睡不着，就是感觉我在睡，但是就是那种闭上眼的话，就是会有那种是一直睡不着的感觉，然后也不知道脑袋里面在想什么。 没有多大影响吧？因为最近我的情绪受到比较好的控制。 我感觉我最近总是睡不着，就是，会非常的不开心。因为我感觉就是我时常身心疲倦，就是特别睡眠也是特别的不好。然后有时候就特别开心，但是有时候就是情绪也会特别的低落。就感觉成两面插派，但是上学的话就是情绪还好。每次在家里面的时候，就会像那样子，由于，对。 让自己别伤心。,0.8477,1,True
J0098,1095,就是就是自己慢慢给它消化掉嘛。 没有吧。 没有吧。 相处模式的话，一般就是那种嗯有时候聊聊天，有时候玩个游戏，然后沟通的话呃，要是出了要是出了一些嗯不好的一些一些事情的话，会会好好沟通聊天，然后就是这些吧。 平静嗯，有一点点的小焦虑，由于成绩上不去吧，就一丁点。,131,7,0,0,0,0.2457,0,模型风险概率0.1229低于判定阈值0.3，且不确定度较低、GAD-7为0，故未达中度及以上抑郁。,,,就是就是自己慢慢给它消化掉嘛。 没有吧。 没有吧。 相处模式的话，一般就是那种嗯有时候聊聊天，有时候玩个游戏，然后沟通的话呃，要是出了要是出了一些嗯不好的一些一些事情的话，会会好好沟通聊天，然后就是这些吧。 平静嗯，有一点点的小焦虑，由于成绩上不去吧，就一丁点。,0.1229,0,False
J0099,931,我其实也是非常容易哭的，但是的话就是怎么说，我其实就是那种难过后也会非常快恢复回来的人。嗯，大概秘诀就是我经常和朋友聊天分散注意力吧。我感觉我朋友对我都很好，嗯，可能就是我对平常那些事情也不是在意傻里傻气的活着。呃，我其实我觉得我现在生活挺好的，但是那些难过是避免不了的嘛。嗯，想开一点吧，挺好的，其实哈哈秘诀秘诀秘诀，我不告诉你。 我最要好的朋友是我seven六六里面的豹子轩、黄诗涵、蔡蕊林、廖、西晨轩。然后我们发现这确实就是大家一起发疯嘛，大概是这样子，然后最近和宿舍的人处的也挺不错的。然后呢，和我们班同学玩的也挺好的，呃，好吧 我比较喜欢和友人聊天或者呃涂涂写写一些东西，不然就在那儿在这想,801,12,1,18,1,0.3694,1,模型风险概率0.8153远高于判定阈值0.3，且自评不确定度中等偏低，支持中度及以上抑郁风险判定。,,,我其实也是非常容易哭的，但是的话就是怎么说，我其实就是那种难过后也会非常快恢复回来的人。嗯，大概秘诀就是我经常和朋友聊天分散注意力吧。我感觉我朋友对我都很好，嗯，可能就是我对平常那些事情也不是在意傻里傻气的活着。呃，我其实我觉得我现在生活挺好的，但是那些难过是避免不了的嘛。嗯，想开一点吧，挺好的，其实哈哈秘诀秘诀秘诀，我不告诉你。 我最要好的朋友是我seven六六里面的豹子轩、黄诗涵、蔡蕊林、廖、西晨轩。然后我们发现这确实就是大家一起发疯嘛，大概是这样子，然后最近和宿舍的人处的也挺不错的。然后呢，和我们班同学玩的也挺好的，呃，好吧 我比较喜欢和友人聊天或者呃涂涂写写一些东西，不然就在那儿在这想我也不知道想什么事情，反正就是和朋友聊天的话会更多一点吧。 最近的感受大概是我想吃无骨鸡爪，呃，还有就是能不能让那个宿管不要查我们口袋呀？呃，然后呢，就是那个宿管天天大半夜在那叫烦死了，让那个宿管少叫一点，好不好啊？ 呃，可能是因为就是七呃，小学转入期初中的话，他有七门门课可可能受受不了吧吧，也突然离开家那么久也接受受了。嗯，可能是小学太过于轻松了吧，就感觉小学生活挺好的。我觉得其实初中也不错吧，感觉吃完饭去操场散步挺好的。其实但是我真的好想吃无骨鸡爪，能不能学堂安排一个下午茶，求求了，拜托了，我想吃 能不能给我一百万。然后我我我我想吃无骨鸡爪，我想吃无骨鸡爪，不想住校，我想回家，我真的好想吃无骨鸡爪，请你给学校立马放学，谢谢。 几乎每天我要死了，我想吃无骨鸡爪。 我好想吃无骨鸡爪，能不能学校安排个下午茶，还就就是那个宿管能不能早点起，不要再赖床了。然后那学校的饭菜太难吃了，下次把厨子都换一下好吗？然后那个洗澡水热热水老是断断停停的，我真服了，直接给我坐下 这种状态给我的生活带来了，我更想吃无骨鸡爪了，连我的读书带来了，我好困哪越睡越困，能不能那个宿管别叫了，我要投诉六楼宿管，太吵了他。,0.8153,1,True
J0100,183,有时候 长得长得丑 没有 五个呸，三个呃，周末和同学一起出去玩 容易走神，然后影响日常行为。 平静 容易产生自我怀疑，感到自己不如别人， 发呆,71,13,1,6,0,0.5265,1,模型风险概率0.7367远高于判定阈值0.3，虽不确定度中等且GAD-7仅提示轻度焦虑，但综合判定达到中度及以上抑郁风险。,,,有时候 长得长得丑 没有 五个呸，三个呃，周末和同学一起出去玩 容易走神，然后影响日常行为。 平静 容易产生自我怀疑，感到自己不如别人， 发呆,0.7367,1,True
